relation_id,cert_id,domain_sub_label_id,is_primary,is_active
cdm_00001,cert_0001,domain_0006,True,True
cdm_00002,cert_0002,domain_0006,True,True
cdm_00003,cert_0003,domain_0013,True,True
cdm_00004,cert_0004,domain_0006,True,True
cdm_00005,cert_0005,domain_0006,True,True
cdm_00006,cert_0006,domain_0006,True,True
cdm_00007,cert_0007,domain_0007,True,True
cdm_00008,cert_0008,domain_0007,True,True
cdm_00009,cert_0009,domain_0006,True,True
cdm_00010,cert_0010,domain_0007,True,True
cdm_00011,cert_0011,domain_0008,True,True
cdm_00012,cert_0012,domain_0005,True,True
cdm_00013,cert_0013,domain_0005,True,True
cdm_00014,cert_0014,domain_0005,True,True
cdm_00015,cert_0015,domain_0005,True,True
cdm_00016,cert_0016,domain_0005,True,True
cdm_00017,cert_0017,domain_0041,True,True
cdm_00018,cert_0018,domain_0042,True,True
cdm_00019,cert_0019,domain_0042,True,True
cdm_00020,cert_0020,domain_0011,True,True
cdm_00021,cert_0021,domain_0011,True,True
cdm_00022,cert_0022,domain_0011,True,True
cdm_00023,cert_0023,domain_0011,True,True
cdm_00024,cert_0024,domain_0011,True,True
cdm_00025,cert_0025,domain_0040,True,True
cdm_00026,cert_0026,domain_0005,True,True
cdm_00027,cert_0027,domain_0011,True,True
cdm_00028,cert_0028,domain_0011,True,True
cdm_00029,cert_0029,domain_0011,True,True
cdm_00030,cert_0030,domain_0011,True,True
cdm_00031,cert_0031,domain_0011,True,True
cdm_00032,cert_0032,domain_0010,True,True
cdm_00033,cert_0033,domain_0010,True,True
cdm_00034,cert_0034,domain_0010,True,True
cdm_00035,cert_0035,domain_0005,True,True
cdm_00036,cert_0036,domain_0010,True,True
cdm_00037,cert_0037,domain_0010,True,True
cdm_00038,cert_0038,domain_0032,True,True
cdm_00039,cert_0039,domain_0032,True,True
cdm_00040,cert_0040,domain_0039,True,True
cdm_00041,cert_0041,domain_0012,True,True
cdm_00042,cert_0042,domain_0039,True,True
cdm_00043,cert_0043,domain_0002,True,True
cdm_00044,cert_0044,domain_0004,True,True
cdm_00045,cert_0045,domain_0002,True,True
cdm_00046,cert_0046,domain_0009,True,True
cdm_00047,cert_0047,domain_0009,True,True
cdm_00048,cert_0048,domain_0011,True,True
cdm_00049,cert_0049,domain_0012,True,True
cdm_00050,cert_0050,domain_0011,True,True
cdm_00051,cert_0051,domain_0011,True,True
cdm_00052,cert_0052,domain_0011,True,True
cdm_00053,cert_0053,domain_0011,True,True
cdm_00054,cert_0054,domain_0038,True,True
cdm_00055,cert_0055,domain_0038,True,True
cdm_00056,cert_0056,domain_0012,True,True
cdm_00057,cert_0057,domain_0012,True,True
cdm_00058,cert_0058,domain_0012,True,True
cdm_00059,cert_0059,domain_0012,True,True
cdm_00060,cert_0060,domain_0012,True,True
cdm_00061,cert_0061,domain_0012,True,True
cdm_00062,cert_0062,domain_0012,True,True
cdm_00063,cert_0063,domain_0006,True,True
cdm_00064,cert_0064,domain_0006,True,True
cdm_00065,cert_0065,domain_0006,True,True
cdm_00066,cert_0066,domain_0007,True,True
cdm_00067,cert_0067,domain_0030,True,True
cdm_00068,cert_0068,domain_0038,True,True
cdm_00069,cert_0069,domain_0015,True,True
cdm_00070,cert_0070,domain_0030,True,True
cdm_00071,cert_0071,domain_0011,True,True
cdm_00072,cert_0072,domain_0038,True,True
cdm_00073,cert_0073,domain_0038,True,True
cdm_00074,cert_0074,domain_0038,True,True
cdm_00075,cert_0075,domain_0006,True,True
cdm_00076,cert_0076,domain_0006,True,True
cdm_00077,cert_0077,domain_0012,True,True
cdm_00078,cert_0078,domain_0009,True,True
cdm_00079,cert_0079,domain_0009,True,True
cdm_00080,cert_0080,domain_0009,True,True
cdm_00081,cert_0081,domain_0012,True,True
cdm_00082,cert_0082,domain_0012,True,True
cdm_00083,cert_0083,domain_0012,True,True
cdm_00084,cert_0084,domain_0012,True,True
cdm_00085,cert_0085,domain_0012,True,True
cdm_00086,cert_0086,domain_0038,True,True
cdm_00087,cert_0087,domain_0011,True,True
cdm_00088,cert_0088,domain_0033,True,True
cdm_00089,cert_0089,domain_0012,True,True
cdm_00090,cert_0090,domain_0006,True,True
cdm_00091,cert_0091,domain_0006,True,True
cdm_00092,cert_0092,domain_0006,True,True
cdm_00093,cert_0093,domain_0006,True,True
cdm_00094,cert_0094,domain_0006,True,True
cdm_00095,cert_0095,domain_0006,True,True
cdm_00096,cert_0096,domain_0013,True,True
cdm_00097,cert_0097,domain_0012,True,True
cdm_00098,cert_0098,domain_0012,True,True
cdm_00099,cert_0099,domain_0040,True,True
cdm_00100,cert_0100,domain_0006,True,True
cdm_00101,cert_0101,domain_0011,True,True
cdm_00102,cert_0102,domain_0006,True,True
cdm_00103,cert_0103,domain_0006,True,True
cdm_00104,cert_0104,domain_0006,True,True
cdm_00105,cert_0105,domain_0013,True,True
cdm_00106,cert_0106,domain_0006,True,True
cdm_00107,cert_0107,domain_0007,True,True
cdm_00108,cert_0108,domain_0008,True,True
cdm_00109,cert_0109,domain_0009,True,True
cdm_00110,cert_0110,domain_0005,True,True
cdm_00111,cert_0111,domain_0008,True,True
cdm_00112,cert_0112,domain_0039,True,True
cdm_00113,cert_0113,domain_0005,True,True
cdm_00114,cert_0114,domain_0005,True,True
cdm_00115,cert_0115,domain_0005,True,True
cdm_00116,cert_0116,domain_0005,True,True
cdm_00117,cert_0117,domain_0005,True,True
cdm_00118,cert_0118,domain_0005,True,True
cdm_00119,cert_0119,domain_0005,True,True
cdm_00120,cert_0120,domain_0005,True,True
cdm_00121,cert_0121,domain_0004,True,True
cdm_00122,cert_0122,domain_0004,True,True
cdm_00123,cert_0123,domain_0004,True,True
cdm_00124,cert_0124,domain_0041,True,True
cdm_00125,cert_0125,domain_0041,True,True
cdm_00126,cert_0126,domain_0041,True,True
cdm_00127,cert_0127,domain_0042,True,True
cdm_00128,cert_0128,domain_0011,True,True
cdm_00129,cert_0129,domain_0010,True,True
cdm_00130,cert_0130,domain_0032,True,True
cdm_00131,cert_0131,domain_0032,True,True
cdm_00132,cert_0132,domain_0032,True,True
cdm_00133,cert_0133,domain_0032,True,True
cdm_00134,cert_0134,domain_0032,True,True
cdm_00135,cert_0135,domain_0002,True,True
cdm_00136,cert_0136,domain_0009,True,True
cdm_00137,cert_0137,domain_0009,True,True
cdm_00138,cert_0138,domain_0011,True,True
cdm_00139,cert_0139,domain_0011,True,True
cdm_00140,cert_0140,domain_0011,True,True
cdm_00141,cert_0141,domain_0011,True,True
cdm_00142,cert_0142,domain_0011,True,True
cdm_00143,cert_0143,domain_0034,True,True
cdm_00144,cert_0144,domain_0011,True,True
cdm_00145,cert_0145,domain_0011,True,True
cdm_00146,cert_0146,domain_0011,True,True
cdm_00147,cert_0147,domain_0012,True,True
cdm_00148,cert_0148,domain_0012,True,True
cdm_00149,cert_0149,domain_0012,True,True
cdm_00150,cert_0150,domain_0012,True,True
cdm_00151,cert_0151,domain_0012,True,True
cdm_00152,cert_0152,domain_0039,True,True
cdm_00153,cert_0153,domain_0039,True,True
cdm_00154,cert_0154,domain_0012,True,True
cdm_00155,cert_0155,domain_0012,True,True
cdm_00156,cert_0156,domain_0006,True,True
cdm_00157,cert_0157,domain_0006,True,True
cdm_00158,cert_0158,domain_0033,True,True
cdm_00159,cert_0159,domain_0005,True,True
cdm_00160,cert_0160,domain_0007,True,True
cdm_00161,cert_0161,domain_0030,True,True
cdm_00162,cert_0162,domain_0030,True,True
cdm_00163,cert_0163,domain_0030,True,True
cdm_00164,cert_0164,domain_0011,True,True
cdm_00165,cert_0165,domain_0006,True,True
cdm_00166,cert_0166,domain_0038,True,True
cdm_00167,cert_0167,domain_0038,True,True
cdm_00168,cert_0168,domain_0008,True,True
cdm_00169,cert_0169,domain_0038,True,True
cdm_00170,cert_0170,domain_0038,True,True
cdm_00171,cert_0171,domain_0012,True,True
cdm_00172,cert_0172,domain_0038,True,True
cdm_00173,cert_0173,domain_0038,True,True
cdm_00174,cert_0174,domain_0038,True,True
cdm_00175,cert_0175,domain_0038,True,True
cdm_00176,cert_0176,domain_0009,True,True
cdm_00177,cert_0177,domain_0009,True,True
cdm_00178,cert_0178,domain_0015,True,True
cdm_00179,cert_0179,domain_0015,True,True
cdm_00180,cert_0180,domain_0015,True,True
cdm_00181,cert_0181,domain_0015,True,True
cdm_00182,cert_0182,domain_0015,True,True
cdm_00183,cert_0183,domain_0015,True,True
cdm_00184,cert_0184,domain_0038,True,True
cdm_00185,cert_0185,domain_0010,True,True
cdm_00186,cert_0186,domain_0010,True,True
cdm_00187,cert_0187,domain_0038,True,True
cdm_00188,cert_0188,domain_0005,True,True
cdm_00189,cert_0189,domain_0038,True,True
cdm_00190,cert_0190,domain_0012,True,True
cdm_00191,cert_0191,domain_0012,True,True
cdm_00192,cert_0192,domain_0012,True,True
cdm_00193,cert_0193,domain_0012,True,True
cdm_00194,cert_0194,domain_0006,True,True
cdm_00195,cert_0195,domain_0006,True,True
cdm_00196,cert_0196,domain_0005,True,True
cdm_00197,cert_0197,domain_0005,True,True
cdm_00198,cert_0198,domain_0011,True,True
cdm_00199,cert_0199,domain_0011,True,True
cdm_00200,cert_0200,domain_0011,True,True
cdm_00201,cert_0201,domain_0038,True,True
cdm_00202,cert_0202,domain_0033,True,True
cdm_00203,cert_0203,domain_0008,True,True
cdm_00204,cert_0204,domain_0006,True,True
cdm_00205,cert_0205,domain_0012,True,True
cdm_00206,cert_0206,domain_0012,True,True
cdm_00207,cert_0207,domain_0012,True,True
cdm_00208,cert_0208,domain_0012,True,True
cdm_00209,cert_0209,domain_0012,True,True
cdm_00210,cert_0210,domain_0012,True,True
cdm_00211,cert_0211,domain_0012,True,True
cdm_00212,cert_0212,domain_0033,True,True
cdm_00213,cert_0213,domain_0012,True,True
cdm_00214,cert_0214,domain_0012,True,True
cdm_00215,cert_0215,domain_0006,True,True
cdm_00216,cert_0216,domain_0006,True,True
cdm_00217,cert_0217,domain_0006,True,True
cdm_00218,cert_0218,domain_0006,True,True
cdm_00219,cert_0219,domain_0006,True,True
cdm_00220,cert_0220,domain_0006,True,True
cdm_00221,cert_0221,domain_0006,True,True
cdm_00222,cert_0222,domain_0040,True,True
cdm_00223,cert_0223,domain_0006,True,True
cdm_00224,cert_0224,domain_0006,True,True
cdm_00225,cert_0225,domain_0006,True,True
cdm_00226,cert_0226,domain_0006,True,True
cdm_00227,cert_0227,domain_0005,True,True
cdm_00228,cert_0228,domain_0006,True,True
cdm_00229,cert_0229,domain_0010,True,True
cdm_00230,cert_0230,domain_0040,True,True
cdm_00231,cert_0231,domain_0034,True,True
cdm_00232,cert_0232,domain_0011,True,True
cdm_00233,cert_0233,domain_0006,True,True
cdm_00234,cert_0234,domain_0006,True,True
cdm_00235,cert_0235,domain_0013,True,True
cdm_00236,cert_0236,domain_0032,True,True
cdm_00237,cert_0237,domain_0006,True,True
cdm_00238,cert_0238,domain_0007,True,True
cdm_00239,cert_0239,domain_0007,True,True
cdm_00240,cert_0240,domain_0006,True,True
cdm_00241,cert_0241,domain_0006,True,True
cdm_00242,cert_0242,domain_0005,True,True
cdm_00243,cert_0243,domain_0008,True,True
cdm_00244,cert_0244,domain_0009,True,True
cdm_00245,cert_0245,domain_0008,True,True
cdm_00246,cert_0246,domain_0008,True,True
cdm_00247,cert_0247,domain_0039,True,True
cdm_00248,cert_0248,domain_0039,True,True
cdm_00249,cert_0249,domain_0039,True,True
cdm_00250,cert_0250,domain_0005,True,True
cdm_00251,cert_0251,domain_0035,True,True
cdm_00252,cert_0252,domain_0005,True,True
cdm_00253,cert_0253,domain_0005,True,True
cdm_00254,cert_0254,domain_0005,True,True
cdm_00255,cert_0255,domain_0005,True,True
cdm_00256,cert_0256,domain_0005,True,True
cdm_00257,cert_0257,domain_0005,True,True
cdm_00258,cert_0258,domain_0004,True,True
cdm_00259,cert_0259,domain_0002,True,True
cdm_00260,cert_0260,domain_0004,True,True
cdm_00261,cert_0261,domain_0004,True,True
cdm_00262,cert_0262,domain_0041,True,True
cdm_00263,cert_0263,domain_0042,True,True
cdm_00264,cert_0264,domain_0011,True,True
cdm_00265,cert_0265,domain_0010,True,True
cdm_00266,cert_0266,domain_0010,True,True
cdm_00267,cert_0267,domain_0010,True,True
cdm_00268,cert_0268,domain_0032,True,True
cdm_00269,cert_0269,domain_0032,True,True
cdm_00270,cert_0270,domain_0032,True,True
cdm_00271,cert_0271,domain_0032,True,True
cdm_00272,cert_0272,domain_0032,True,True
cdm_00273,cert_0273,domain_0032,True,True
cdm_00274,cert_0274,domain_0032,True,True
cdm_00275,cert_0275,domain_0032,True,True
cdm_00276,cert_0276,domain_0032,True,True
cdm_00277,cert_0277,domain_0010,True,True
cdm_00278,cert_0278,domain_0002,True,True
cdm_00279,cert_0279,domain_0009,True,True
cdm_00280,cert_0280,domain_0032,True,True
cdm_00281,cert_0281,domain_0032,True,True
cdm_00282,cert_0282,domain_0011,True,True
cdm_00283,cert_0283,domain_0011,True,True
cdm_00284,cert_0284,domain_0011,True,True
cdm_00285,cert_0285,domain_0011,True,True
cdm_00286,cert_0286,domain_0011,True,True
cdm_00287,cert_0287,domain_0011,True,True
cdm_00288,cert_0288,domain_0012,True,True
cdm_00289,cert_0289,domain_0012,True,True
cdm_00290,cert_0290,domain_0034,True,True
cdm_00291,cert_0291,domain_0006,True,True
cdm_00292,cert_0292,domain_0006,True,True
cdm_00293,cert_0293,domain_0006,True,True
cdm_00294,cert_0294,domain_0033,True,True
cdm_00295,cert_0295,domain_0033,True,True
cdm_00296,cert_0296,domain_0007,True,True
cdm_00297,cert_0297,domain_0012,True,True
cdm_00298,cert_0298,domain_0030,True,True
cdm_00299,cert_0299,domain_0038,True,True
cdm_00300,cert_0300,domain_0012,True,True
cdm_00301,cert_0301,domain_0012,True,True
cdm_00302,cert_0302,domain_0038,True,True
cdm_00303,cert_0303,domain_0038,True,True
cdm_00304,cert_0304,domain_0038,True,True
cdm_00305,cert_0305,domain_0038,True,True
cdm_00306,cert_0306,domain_0009,True,True
cdm_00307,cert_0307,domain_0038,True,True
cdm_00308,cert_0308,domain_0011,True,True
cdm_00309,cert_0309,domain_0010,True,True
cdm_00310,cert_0310,domain_0010,True,True
cdm_00311,cert_0311,domain_0005,True,True
cdm_00312,cert_0312,domain_0035,True,True
cdm_00313,cert_0313,domain_0038,True,True
cdm_00314,cert_0314,domain_0038,True,True
cdm_00315,cert_0315,domain_0008,True,True
cdm_00316,cert_0316,domain_0012,True,True
cdm_00317,cert_0317,domain_0012,True,True
cdm_00318,cert_0318,domain_0012,True,True
cdm_00319,cert_0319,domain_0012,True,True
cdm_00320,cert_0320,domain_0012,True,True
cdm_00321,cert_0321,domain_0006,True,True
cdm_00322,cert_0322,domain_0038,True,True
cdm_00323,cert_0323,domain_0011,True,True
cdm_00324,cert_0324,domain_0011,True,True
cdm_00325,cert_0325,domain_0015,True,True
cdm_00326,cert_0326,domain_0015,True,True
cdm_00327,cert_0327,domain_0015,True,True
cdm_00328,cert_0328,domain_0015,True,True
cdm_00329,cert_0329,domain_0015,True,True
cdm_00330,cert_0330,domain_0015,True,True
cdm_00331,cert_0331,domain_0038,True,True
cdm_00332,cert_0332,domain_0010,True,True
cdm_00333,cert_0333,domain_0038,True,True
cdm_00334,cert_0334,domain_0011,True,True
cdm_00335,cert_0335,domain_0035,True,True
cdm_00336,cert_0336,domain_0035,True,True
cdm_00337,cert_0337,domain_0035,True,True
cdm_00338,cert_0338,domain_0035,True,True
cdm_00339,cert_0339,domain_0035,True,True
cdm_00340,cert_0340,domain_0012,True,True
cdm_00341,cert_0341,domain_0012,True,True
cdm_00342,cert_0342,domain_0012,True,True
cdm_00343,cert_0343,domain_0012,True,True
cdm_00344,cert_0344,domain_0009,True,True
cdm_00345,cert_0345,domain_0030,True,True
cdm_00346,cert_0346,domain_0030,True,True
cdm_00347,cert_0347,domain_0030,True,True
cdm_00348,cert_0348,domain_0030,True,True
cdm_00349,cert_0349,domain_0030,True,True
cdm_00350,cert_0350,domain_0035,True,True
cdm_00351,cert_0351,domain_0033,True,True
cdm_00352,cert_0352,domain_0006,True,True
cdm_00353,cert_0353,domain_0006,True,True
cdm_00354,cert_0354,domain_0006,True,True
cdm_00355,cert_0355,domain_0010,True,True
cdm_00356,cert_0356,domain_0006,True,True
cdm_00357,cert_0357,domain_0006,True,True
cdm_00358,cert_0358,domain_0013,True,True
cdm_00359,cert_0359,domain_0006,True,True
cdm_00360,cert_0360,domain_0006,True,True
cdm_00361,cert_0361,domain_0042,True,True
cdm_00362,cert_0362,domain_0040,True,True
cdm_00363,cert_0363,domain_0009,True,True
cdm_00364,cert_0364,domain_0032,True,True
cdm_00365,cert_0365,domain_0006,True,True
cdm_00366,cert_0366,domain_0006,True,True
cdm_00367,cert_0367,domain_0007,True,True
cdm_00368,cert_0368,domain_0007,True,True
cdm_00369,cert_0369,domain_0007,True,True
cdm_00370,cert_0370,domain_0010,True,True
cdm_00371,cert_0371,domain_0007,True,True
cdm_00372,cert_0372,domain_0008,True,True
cdm_00373,cert_0373,domain_0012,True,True
cdm_00374,cert_0374,domain_0005,True,True
cdm_00375,cert_0375,domain_0005,True,True
cdm_00376,cert_0376,domain_0010,True,True
cdm_00377,cert_0377,domain_0010,True,True
cdm_00378,cert_0378,domain_0032,True,True
cdm_00379,cert_0379,domain_0032,True,True
cdm_00380,cert_0380,domain_0039,True,True
cdm_00381,cert_0381,domain_0035,True,True
cdm_00382,cert_0382,domain_0038,True,True
cdm_00383,cert_0383,domain_0015,True,True
cdm_00384,cert_0384,domain_0011,True,True
cdm_00385,cert_0385,domain_0004,True,True
cdm_00386,cert_0386,domain_0030,True,True
cdm_00387,cert_0387,domain_0030,True,True
cdm_00388,cert_0388,domain_0031,True,True
cdm_00389,cert_0389,domain_0031,True,True
cdm_00390,cert_0390,domain_0006,True,True
cdm_00391,cert_0391,domain_0006,True,True
cdm_00392,cert_0392,domain_0007,True,True
cdm_00393,cert_0393,domain_0004,True,True
cdm_00394,cert_0394,domain_0006,True,True
cdm_00395,cert_0395,domain_0006,True,True
cdm_00396,cert_0396,domain_0006,True,True
cdm_00397,cert_0397,domain_0006,True,True
cdm_00398,cert_0398,domain_0006,True,True
cdm_00399,cert_0399,domain_0030,True,True
cdm_00400,cert_0400,domain_0030,True,True
cdm_00401,cert_0401,domain_0006,True,True
cdm_00402,cert_0402,domain_0006,True,True
cdm_00403,cert_0403,domain_0007,True,True
cdm_00404,cert_0404,domain_0007,True,True
cdm_00405,cert_0405,domain_0007,True,True
cdm_00406,cert_0406,domain_0007,True,True
cdm_00407,cert_0407,domain_0006,True,True
cdm_00408,cert_0408,domain_0008,True,True
cdm_00409,cert_0409,domain_0007,True,True
cdm_00410,cert_0410,domain_0008,True,True
cdm_00411,cert_0411,domain_0008,True,True
cdm_00412,cert_0412,domain_0038,True,True
cdm_00413,cert_0413,domain_0008,True,True
cdm_00414,cert_0414,domain_0008,True,True
cdm_00415,cert_0415,domain_0041,True,True
cdm_00416,cert_0416,domain_0041,True,True
cdm_00417,cert_0417,domain_0011,True,True
cdm_00418,cert_0418,domain_0011,True,True
cdm_00419,cert_0419,domain_0011,True,True
cdm_00420,cert_0420,domain_0010,True,True
cdm_00421,cert_0421,domain_0010,True,True
cdm_00422,cert_0422,domain_0006,True,True
cdm_00423,cert_0423,domain_0010,True,True
cdm_00424,cert_0424,domain_0010,True,True
cdm_00425,cert_0425,domain_0010,True,True
cdm_00426,cert_0426,domain_0010,True,True
cdm_00427,cert_0427,domain_0010,True,True
cdm_00428,cert_0428,domain_0032,True,True
cdm_00429,cert_0429,domain_0032,True,True
cdm_00430,cert_0430,domain_0039,True,True
cdm_00431,cert_0431,domain_0039,True,True
cdm_00432,cert_0432,domain_0035,True,True
cdm_00433,cert_0433,domain_0006,True,True
cdm_00434,cert_0434,domain_0015,True,True
cdm_00435,cert_0435,domain_0034,True,True
cdm_00436,cert_0436,domain_0034,True,True
cdm_00437,cert_0437,domain_0034,True,True
cdm_00438,cert_0438,domain_0034,True,True
cdm_00439,cert_0439,domain_0030,True,True
cdm_00440,cert_0440,domain_0038,True,True
cdm_00441,cert_0441,domain_0011,True,True
cdm_00442,cert_0442,domain_0011,True,True
cdm_00443,cert_0443,domain_0011,True,True
cdm_00444,cert_0444,domain_0006,True,True
cdm_00445,cert_0445,domain_0038,True,True
cdm_00446,cert_0446,domain_0008,True,True
cdm_00447,cert_0447,domain_0006,True,True
cdm_00448,cert_0448,domain_0013,True,True
cdm_00449,cert_0449,domain_0013,True,True
cdm_00450,cert_0450,domain_0008,True,True
cdm_00451,cert_0451,domain_0010,True,True
cdm_00452,cert_0452,domain_0006,True,True
cdm_00453,cert_0453,domain_0035,True,True
cdm_00454,cert_0454,domain_0035,True,True
cdm_00455,cert_0455,domain_0035,True,True
cdm_00456,cert_0456,domain_0011,True,True
cdm_00457,cert_0457,domain_0031,True,True
cdm_00458,cert_0458,domain_0031,True,True
cdm_00459,cert_0459,domain_0030,True,True
cdm_00460,cert_0460,domain_0034,True,True
cdm_00461,cert_0461,domain_0038,True,True
cdm_00462,cert_0462,domain_0030,True,True
cdm_00463,cert_0463,domain_0035,True,True
cdm_00464,cert_0464,domain_0034,True,True
cdm_00465,cert_0465,domain_0006,True,True
cdm_00466,cert_0466,domain_0006,True,True
cdm_00467,cert_0467,domain_0006,True,True
cdm_00468,cert_0468,domain_0006,True,True
cdm_00469,cert_0469,domain_0006,True,True
cdm_00470,cert_0470,domain_0006,True,True
cdm_00471,cert_0471,domain_0006,True,True
cdm_00472,cert_0472,domain_0006,True,True
cdm_00473,cert_0473,domain_0006,True,True
cdm_00474,cert_0474,domain_0006,True,True
cdm_00475,cert_0475,domain_0006,True,True
cdm_00476,cert_0476,domain_0006,True,True
cdm_00477,cert_0477,domain_0006,True,True
cdm_00478,cert_0478,domain_0006,True,True
cdm_00479,cert_0479,domain_0005,True,True
cdm_00480,cert_0480,domain_0010,True,True
cdm_00481,cert_0481,domain_0006,True,True
cdm_00482,cert_0482,domain_0006,True,True
cdm_00483,cert_0483,domain_0006,True,True
cdm_00484,cert_0484,domain_0006,True,True
cdm_00485,cert_0485,domain_0006,True,True
cdm_00486,cert_0486,domain_0013,True,True
cdm_00487,cert_0487,domain_0013,True,True
cdm_00488,cert_0488,domain_0013,True,True
cdm_00489,cert_0489,domain_0042,True,True
cdm_00490,cert_0490,domain_0042,True,True
cdm_00491,cert_0491,domain_0006,True,True
cdm_00492,cert_0492,domain_0006,True,True
cdm_00493,cert_0493,domain_0006,True,True
cdm_00494,cert_0494,domain_0040,True,True
cdm_00495,cert_0495,domain_0006,True,True
cdm_00496,cert_0496,domain_0012,True,True
cdm_00497,cert_0497,domain_0011,True,True
cdm_00498,cert_0498,domain_0040,True,True
cdm_00499,cert_0499,domain_0006,True,True
cdm_00500,cert_0500,domain_0007,True,True
cdm_00501,cert_0501,domain_0007,True,True
cdm_00502,cert_0502,domain_0006,True,True
cdm_00503,cert_0503,domain_0006,True,True
cdm_00504,cert_0504,domain_0006,True,True
cdm_00505,cert_0505,domain_0006,True,True
cdm_00506,cert_0506,domain_0006,True,True
cdm_00507,cert_0507,domain_0006,True,True
cdm_00508,cert_0508,domain_0007,True,True
cdm_00509,cert_0509,domain_0006,True,True
cdm_00510,cert_0510,domain_0006,True,True
cdm_00511,cert_0511,domain_0006,True,True
cdm_00512,cert_0512,domain_0006,True,True
cdm_00513,cert_0513,domain_0007,True,True
cdm_00514,cert_0514,domain_0007,True,True
cdm_00515,cert_0515,domain_0007,True,True
cdm_00516,cert_0516,domain_0007,True,True
cdm_00517,cert_0517,domain_0006,True,True
cdm_00518,cert_0518,domain_0008,True,True
cdm_00519,cert_0519,domain_0038,True,True
cdm_00520,cert_0520,domain_0008,True,True
cdm_00521,cert_0521,domain_0006,True,True
cdm_00522,cert_0522,domain_0008,True,True
cdm_00523,cert_0523,domain_0008,True,True
cdm_00524,cert_0524,domain_0006,True,True
cdm_00525,cert_0525,domain_0007,True,True
cdm_00526,cert_0526,domain_0038,True,True
cdm_00527,cert_0527,domain_0008,True,True
cdm_00528,cert_0528,domain_0008,True,True
cdm_00529,cert_0529,domain_0008,True,True
cdm_00530,cert_0530,domain_0008,True,True
cdm_00531,cert_0531,domain_0005,True,True
cdm_00532,cert_0532,domain_0005,True,True
cdm_00533,cert_0533,domain_0005,True,True
cdm_00534,cert_0534,domain_0005,True,True
cdm_00535,cert_0535,domain_0034,True,True
cdm_00536,cert_0536,domain_0035,True,True
cdm_00537,cert_0537,domain_0033,True,True
cdm_00538,cert_0538,domain_0005,True,True
cdm_00539,cert_0539,domain_0004,True,True
cdm_00540,cert_0540,domain_0004,True,True
cdm_00541,cert_0541,domain_0006,True,True
cdm_00542,cert_0542,domain_0013,True,True
cdm_00543,cert_0543,domain_0006,True,True
cdm_00544,cert_0544,domain_0004,True,True
cdm_00545,cert_0545,domain_0004,True,True
cdm_00546,cert_0546,domain_0004,True,True
cdm_00547,cert_0547,domain_0002,True,True
cdm_00548,cert_0548,domain_0004,True,True
cdm_00549,cert_0549,domain_0041,True,True
cdm_00550,cert_0550,domain_0041,True,True
cdm_00551,cert_0551,domain_0002,True,True
cdm_00552,cert_0552,domain_0041,True,True
cdm_00553,cert_0553,domain_0011,True,True
cdm_00554,cert_0554,domain_0011,True,True
cdm_00555,cert_0555,domain_0011,True,True
cdm_00556,cert_0556,domain_0011,True,True
cdm_00557,cert_0557,domain_0011,True,True
cdm_00558,cert_0558,domain_0010,True,True
cdm_00559,cert_0559,domain_0006,True,True
cdm_00560,cert_0560,domain_0010,True,True
cdm_00561,cert_0561,domain_0010,True,True
cdm_00562,cert_0562,domain_0011,True,True
cdm_00563,cert_0563,domain_0010,True,True
cdm_00564,cert_0564,domain_0010,True,True
cdm_00565,cert_0565,domain_0010,True,True
cdm_00566,cert_0566,domain_0010,True,True
cdm_00567,cert_0567,domain_0009,True,True
cdm_00568,cert_0568,domain_0010,True,True
cdm_00569,cert_0569,domain_0010,True,True
cdm_00570,cert_0570,domain_0011,True,True
cdm_00571,cert_0571,domain_0035,True,True
cdm_00572,cert_0572,domain_0010,True,True
cdm_00573,cert_0573,domain_0010,True,True
cdm_00574,cert_0574,domain_0010,True,True
cdm_00575,cert_0575,domain_0010,True,True
cdm_00576,cert_0576,domain_0010,True,True
cdm_00577,cert_0577,domain_0010,True,True
cdm_00578,cert_0578,domain_0010,True,True
cdm_00579,cert_0579,domain_0032,True,True
cdm_00580,cert_0580,domain_0032,True,True
cdm_00581,cert_0581,domain_0032,True,True
cdm_00582,cert_0582,domain_0032,True,True
cdm_00583,cert_0583,domain_0032,True,True
cdm_00584,cert_0584,domain_0032,True,True
cdm_00585,cert_0585,domain_0039,True,True
cdm_00586,cert_0586,domain_0039,True,True
cdm_00587,cert_0587,domain_0039,True,True
cdm_00588,cert_0588,domain_0035,True,True
cdm_00589,cert_0589,domain_0035,True,True
cdm_00590,cert_0590,domain_0035,True,True
cdm_00591,cert_0591,domain_0006,True,True
cdm_00592,cert_0592,domain_0035,True,True
cdm_00593,cert_0593,domain_0015,True,True
cdm_00594,cert_0594,domain_0015,True,True
cdm_00595,cert_0595,domain_0015,True,True
cdm_00596,cert_0596,domain_0015,True,True
cdm_00597,cert_0597,domain_0035,True,True
cdm_00598,cert_0598,domain_0038,True,True
cdm_00599,cert_0599,domain_0038,True,True
cdm_00600,cert_0600,domain_0013,True,True
cdm_00601,cert_0601,domain_0035,True,True
cdm_00602,cert_0602,domain_0034,True,True
cdm_00603,cert_0603,domain_0034,True,True
cdm_00604,cert_0604,domain_0034,True,True
cdm_00605,cert_0605,domain_0030,True,True
cdm_00606,cert_0606,domain_0030,True,True
cdm_00607,cert_0607,domain_0038,True,True
cdm_00608,cert_0608,domain_0011,True,True
cdm_00609,cert_0609,domain_0038,True,True
cdm_00610,cert_0610,domain_0038,True,True
cdm_00611,cert_0611,domain_0038,True,True
cdm_00612,cert_0612,domain_0038,True,True
cdm_00613,cert_0613,domain_0038,True,True
cdm_00614,cert_0614,domain_0038,True,True
cdm_00615,cert_0615,domain_0038,True,True
cdm_00616,cert_0616,domain_0038,True,True
cdm_00617,cert_0617,domain_0038,True,True
cdm_00618,cert_0618,domain_0011,True,True
cdm_00619,cert_0619,domain_0011,True,True
cdm_00620,cert_0620,domain_0011,True,True
cdm_00621,cert_0621,domain_0011,True,True
cdm_00622,cert_0622,domain_0006,True,True
cdm_00623,cert_0623,domain_0006,True,True
cdm_00624,cert_0624,domain_0006,True,True
cdm_00625,cert_0625,domain_0006,True,True
cdm_00626,cert_0626,domain_0038,True,True
cdm_00627,cert_0627,domain_0032,True,True
cdm_00628,cert_0628,domain_0004,True,True
cdm_00629,cert_0629,domain_0038,True,True
cdm_00630,cert_0630,domain_0009,True,True
cdm_00631,cert_0631,domain_0008,True,True
cdm_00632,cert_0632,domain_0005,True,True
cdm_00633,cert_0633,domain_0005,True,True
cdm_00634,cert_0634,domain_0005,True,True
cdm_00635,cert_0635,domain_0034,True,True
cdm_00636,cert_0636,domain_0033,True,True
cdm_00637,cert_0637,domain_0033,True,True
cdm_00638,cert_0638,domain_0032,True,True
cdm_00639,cert_0639,domain_0032,True,True
cdm_00640,cert_0640,domain_0035,True,True
cdm_00641,cert_0641,domain_0035,True,True
cdm_00642,cert_0642,domain_0006,True,True
cdm_00643,cert_0643,domain_0013,True,True
cdm_00644,cert_0644,domain_0013,True,True
cdm_00645,cert_0645,domain_0013,True,True
cdm_00646,cert_0646,domain_0013,True,True
cdm_00647,cert_0647,domain_0013,True,True
cdm_00648,cert_0648,domain_0013,True,True
cdm_00649,cert_0649,domain_0013,True,True
cdm_00650,cert_0650,domain_0013,True,True
cdm_00651,cert_0651,domain_0013,True,True
cdm_00652,cert_0652,domain_0013,True,True
cdm_00653,cert_0653,domain_0013,True,True
cdm_00654,cert_0654,domain_0013,True,True
cdm_00655,cert_0655,domain_0013,True,True
cdm_00656,cert_0656,domain_0013,True,True
cdm_00657,cert_0657,domain_0008,True,True
cdm_00658,cert_0658,domain_0035,True,True
cdm_00659,cert_0659,domain_0035,True,True
cdm_00660,cert_0660,domain_0035,True,True
cdm_00661,cert_0661,domain_0030,True,True
cdm_00662,cert_0662,domain_0030,True,True
cdm_00663,cert_0663,domain_0032,True,True
cdm_00664,cert_0664,domain_0032,True,True
cdm_00665,cert_0665,domain_0035,True,True
cdm_00666,cert_0666,domain_0011,True,True
cdm_00667,cert_0667,domain_0038,True,True
cdm_00668,cert_0668,domain_0035,True,True
cdm_00669,cert_0669,domain_0032,True,True
cdm_00670,cert_0670,domain_0034,True,True
cdm_00671,cert_0671,domain_0031,True,True
cdm_00672,cert_0672,domain_0031,True,True
cdm_00673,cert_0673,domain_0030,True,True
cdm_00674,cert_0674,domain_0030,True,True
cdm_00675,cert_0675,domain_0030,True,True
cdm_00676,cert_0676,domain_0030,True,True
cdm_00677,cert_0677,domain_0030,True,True
cdm_00678,cert_0678,domain_0030,True,True
cdm_00679,cert_0679,domain_0035,True,True
cdm_00680,cert_0680,domain_0012,True,True
cdm_00681,cert_0681,domain_0034,True,True
cdm_00682,cert_0682,domain_0013,True,True
cdm_00683,cert_0683,domain_0032,True,True
cdm_00684,cert_0684,domain_0032,True,True
cdm_00685,cert_0685,domain_0031,True,True
cdm_00686,cert_0686,domain_0006,True,True
cdm_00687,cert_0687,domain_0031,True,True
cdm_00688,cert_0688,domain_0035,True,True
cdm_00689,cert_0689,domain_0031,True,True
cdm_00690,cert_0690,domain_0032,True,True
cdm_00691,cert_0691,domain_0031,True,True
cdm_00692,cert_0692,domain_0039,True,True
cdm_00693,cert_0693,domain_0035,True,True
cdm_00694,cert_0694,domain_0030,True,True
cdm_00695,cert_0695,domain_0023,True,True
cdm_00696,cert_0696,domain_0024,True,True
cdm_00697,cert_0697,domain_0024,True,True
cdm_00698,cert_0698,domain_0017,True,True
cdm_00699,cert_0699,domain_0017,True,True
cdm_00700,cert_0700,domain_0017,True,True
cdm_00701,cert_0701,domain_0017,True,True
cdm_00702,cert_0702,domain_0017,True,True
cdm_00703,cert_0703,domain_0017,True,True
cdm_00704,cert_0704,domain_0023,True,True
cdm_00705,cert_0705,domain_0023,True,True
cdm_00706,cert_0706,domain_0019,True,True
cdm_00707,cert_0707,domain_0002,True,True
cdm_00708,cert_0708,domain_0002,True,True
cdm_00709,cert_0709,domain_0002,True,True
cdm_00710,cert_0710,domain_0002,True,True
cdm_00711,cert_0711,domain_0029,True,True
cdm_00712,cert_0712,domain_0027,True,True
cdm_00713,cert_0713,domain_0004,False,True
cdm_00714,cert_0714,domain_0041,False,True
cdm_00715,cert_0715,domain_0016,False,True
cdm_00716,cert_0716,domain_0016,False,True
cdm_00717,cert_0717,domain_0016,False,True
cdm_00718,cert_0718,domain_0016,False,True
cdm_00719,cert_0719,domain_0027,False,True
cdm_00720,cert_0720,domain_0038,False,True
cdm_00721,cert_0721,domain_0038,False,True
cdm_00722,cert_0722,domain_0025,False,True
cdm_00723,cert_0723,domain_0041,False,True
cdm_00724,cert_0724,domain_0041,False,True
cdm_00725,cert_0725,domain_0023,False,True
cdm_00726,cert_0726,domain_0023,False,True
cdm_00727,cert_0727,domain_0038,False,True
cdm_00728,cert_0728,domain_0014,False,True
cdm_00729,cert_0729,domain_0016,False,True
cdm_00730,cert_0730,domain_0025,False,True
cdm_00731,cert_0731,domain_0023,False,True
cdm_00732,cert_0732,domain_0018,False,True
cdm_00733,cert_0733,domain_0016,False,True
cdm_00734,cert_0734,domain_0016,False,True
cdm_00735,cert_0735,domain_0042,False,True
cdm_00736,cert_0736,domain_0024,False,True
cdm_00737,cert_0737,domain_0023,False,True
cdm_00738,cert_0738,domain_0027,False,True
cdm_00739,cert_0739,domain_0023,False,True
cdm_00740,cert_0740,domain_0012,False,True
cdm_00741,cert_0741,domain_0012,False,True
cdm_00742,cert_0742,domain_0012,False,True
cdm_00743,cert_0743,domain_0012,False,True
cdm_00744,cert_0744,domain_0025,False,True
cdm_00745,cert_0745,domain_0023,False,True
cdm_00746,cert_0746,domain_0027,False,True
cdm_00747,cert_0747,domain_0023,False,True
cdm_00748,cert_0748,domain_0024,False,True
cdm_00749,cert_0749,domain_0024,False,True
cdm_00750,cert_0750,domain_0024,False,True
cdm_00751,cert_0751,domain_0025,False,True
cdm_00752,cert_0752,domain_0025,False,True
cdm_00753,cert_0753,domain_0024,False,True
cdm_00754,cert_0754,domain_0024,False,True
cdm_00755,cert_0755,domain_0013,False,True
cdm_00756,cert_0756,domain_0027,False,True
cdm_00757,cert_0757,domain_0012,False,True
cdm_00758,cert_0758,domain_0012,False,True
cdm_00759,cert_0759,domain_0012,False,True
cdm_00760,cert_0760,domain_0024,False,True
cdm_00761,cert_0761,domain_0004,False,True
cdm_00762,cert_0762,domain_0004,False,True
cdm_00763,cert_0763,domain_0027,False,True
cdm_00764,cert_0764,domain_0021,False,True
cdm_00765,cert_0765,domain_0013,False,True
cdm_00766,cert_0766,domain_0042,False,True
cdm_00767,cert_0767,domain_0042,False,True
cdm_00768,cert_0768,domain_0041,False,True
cdm_00769,cert_0769,domain_0023,False,True
cdm_00770,cert_0770,domain_0018,False,True
cdm_00771,cert_0771,domain_0018,False,True
cdm_00772,cert_0772,domain_0018,False,True
cdm_00773,cert_0773,domain_0013,False,True
cdm_00774,cert_0774,domain_0004,False,True
cdm_00775,cert_0775,domain_0023,False,True
cdm_00776,cert_0776,domain_0023,False,True
cdm_00777,cert_0777,domain_0023,False,True
cdm_00778,cert_0778,domain_0025,False,True
cdm_00779,cert_0779,domain_0021,False,True
cdm_00780,cert_0780,domain_0021,False,True
cdm_00781,cert_0781,domain_0023,False,True
cdm_00782,cert_0782,domain_0027,False,True
cdm_00783,cert_0783,domain_0037,False,True
cdm_00784,cert_0784,domain_0022,False,True
cdm_00785,cert_0785,domain_0037,False,True
cdm_00786,cert_0786,domain_0037,False,True
cdm_00787,cert_0787,domain_0037,False,True
cdm_00788,cert_0788,domain_0037,False,True
cdm_00789,cert_0789,domain_0037,False,True
cdm_00790,cert_0790,domain_0037,False,True
cdm_00791,cert_0791,domain_0037,False,True
cdm_00792,cert_0792,domain_0037,False,True
cdm_00793,cert_0793,domain_0037,False,True
cdm_00794,cert_0794,domain_0037,False,True
cdm_00795,cert_0795,domain_0037,False,True
cdm_00796,cert_0796,domain_0037,False,True
cdm_00797,cert_0797,domain_0037,False,True
cdm_00798,cert_0798,domain_0037,False,True
cdm_00799,cert_0799,domain_0037,False,True
cdm_00800,cert_0800,domain_0037,False,True
cdm_00801,cert_0801,domain_0037,False,True
cdm_00802,cert_0802,domain_0037,False,True
cdm_00803,cert_0803,domain_0029,False,True
cdm_00804,cert_0804,domain_0029,False,True
cdm_00805,cert_0805,domain_0029,False,True
cdm_00806,cert_0806,domain_0029,False,True
cdm_00807,cert_0807,domain_0029,False,True
cdm_00808,cert_0808,domain_0029,False,True
cdm_00809,cert_0809,domain_0037,False,True
cdm_00810,cert_0810,domain_0018,False,True
cdm_00811,cert_0811,domain_0037,False,True
cdm_00812,cert_0812,domain_0037,False,True
cdm_00813,cert_0813,domain_0037,False,True
cdm_00814,cert_0814,domain_0037,False,True
cdm_00815,cert_0815,domain_0004,False,True
cdm_00816,cert_0816,domain_0037,False,True
cdm_00817,cert_0817,domain_0037,False,True
cdm_00818,cert_0818,domain_0027,False,True
cdm_00819,cert_0819,domain_0037,False,True
cdm_00820,cert_0820,domain_0037,False,True
cdm_00821,cert_0821,domain_0036,False,True
cdm_00822,cert_0822,domain_0036,False,True
cdm_00823,cert_0823,domain_0036,False,True
cdm_00824,cert_0824,domain_0036,False,True
cdm_00825,cert_0825,domain_0036,False,True
cdm_00826,cert_0826,domain_0036,False,True
cdm_00827,cert_0827,domain_0036,False,True
cdm_00828,cert_0828,domain_0036,False,True
cdm_00829,cert_0829,domain_0037,False,True
cdm_00830,cert_0830,domain_0023,False,True
cdm_00831,cert_0831,domain_0009,False,True
cdm_00832,cert_0832,domain_0009,False,True
cdm_00833,cert_0833,domain_0009,False,True
cdm_00834,cert_0834,domain_0022,False,True
cdm_00835,cert_0835,domain_0018,False,True
cdm_00836,cert_0836,domain_0037,False,True
cdm_00837,cert_0837,domain_0036,False,True
cdm_00838,cert_0838,domain_0010,False,True
cdm_00839,cert_0839,domain_0037,False,True
cdm_00840,cert_0840,domain_0029,False,True
cdm_00841,cert_0841,domain_0021,False,True
cdm_00842,cert_0842,domain_0041,False,True
cdm_00843,cert_0843,domain_0041,False,True
cdm_00844,cert_0844,domain_0017,False,True
cdm_00845,cert_0845,domain_0027,False,True
cdm_00846,cert_0846,domain_0017,False,True
cdm_00847,cert_0847,domain_0038,False,True
cdm_00848,cert_0848,domain_0038,False,True
cdm_00849,cert_0849,domain_0038,False,True
cdm_00850,cert_0850,domain_0041,False,True
cdm_00851,cert_0851,domain_0008,False,True
cdm_00852,cert_0852,domain_0010,False,True
cdm_00853,cert_0853,domain_0002,False,True
cdm_00854,cert_0854,domain_0020,False,True
cdm_00855,cert_0855,domain_0043,False,True
cdm_00856,cert_0856,domain_0027,False,True
cdm_00857,cert_0857,domain_0041,False,True
cdm_00858,cert_0858,domain_0040,False,True
cdm_00859,cert_0859,domain_0014,False,True
cdm_00860,cert_0860,domain_0014,False,True
cdm_00861,cert_0861,domain_0014,False,True
cdm_00862,cert_0862,domain_0014,False,True
cdm_00863,cert_0863,domain_0042,False,True
cdm_00864,cert_0864,domain_0010,False,True
cdm_00865,cert_0865,domain_0040,False,True
cdm_00866,cert_0866,domain_0040,False,True
cdm_00867,cert_0867,domain_0041,False,True
cdm_00868,cert_0868,domain_0040,False,True
cdm_00869,cert_0869,domain_0042,False,True
cdm_00870,cert_0870,domain_0042,False,True
cdm_00871,cert_0871,domain_0042,False,True
cdm_00872,cert_0872,domain_0042,False,True
cdm_00873,cert_0873,domain_0040,False,True
cdm_00874,cert_0874,domain_0041,False,True
cdm_00875,cert_0875,domain_0028,False,True
cdm_00876,cert_0876,domain_0028,False,True
cdm_00877,cert_0877,domain_0001,False,True
cdm_00878,cert_0878,domain_0009,False,True
cdm_00879,cert_0879,domain_0009,False,True
cdm_00880,cert_0880,domain_0012,False,True
cdm_00881,cert_0881,domain_0040,False,True
cdm_00882,cert_0882,domain_0009,False,True
cdm_00883,cert_0883,domain_0038,False,True
cdm_00884,cert_0884,domain_0038,False,True
cdm_00885,cert_0885,domain_0038,False,True
cdm_00886,cert_0886,domain_0025,False,True
cdm_00887,cert_0887,domain_0026,False,True
cdm_00888,cert_0888,domain_0026,False,True
cdm_00889,cert_0889,domain_0009,False,True
cdm_00890,cert_0890,domain_0042,False,True
cdm_00891,cert_0891,domain_0018,False,True
cdm_00892,cert_0892,domain_0002,False,True
cdm_00893,cert_0893,domain_0023,False,True
cdm_00894,cert_0894,domain_0016,False,True
cdm_00895,cert_0895,domain_0016,False,True
cdm_00896,cert_0896,domain_0016,False,True
cdm_00897,cert_0897,domain_0002,False,True
cdm_00898,cert_0898,domain_0005,False,True
cdm_00899,cert_0899,domain_0013,False,True
cdm_00900,cert_0900,domain_0017,False,True
cdm_00901,cert_0901,domain_0017,False,True
cdm_00902,cert_0902,domain_0004,False,True
cdm_00903,cert_0903,domain_0003,False,True
cdm_00904,cert_0904,domain_0008,False,True
cdm_00905,cert_0905,domain_0003,False,True
cdm_00906,cert_0906,domain_0002,False,True
cdm_00907,cert_0907,domain_0017,False,True
cdm_00908,cert_0908,domain_0028,False,True
cdm_00909,cert_0909,domain_0011,False,True
cdm_00910,cert_0910,domain_0002,False,True
cdm_00911,cert_0911,domain_0002,False,True
cdm_00912,cert_0912,domain_0002,False,True
cdm_00913,cert_0913,domain_0028,False,True
cdm_00914,cert_0914,domain_0028,False,True
cdm_00915,cert_0915,domain_0028,False,True
cdm_00916,cert_0916,domain_0021,False,True
cdm_00917,cert_0917,domain_0008,False,True
cdm_00918,cert_0918,domain_0005,False,True
cdm_00919,cert_0919,domain_0032,False,True
cdm_00920,cert_0920,domain_0017,False,True
cdm_00921,cert_0921,domain_0017,False,True
cdm_00922,cert_0922,domain_0017,False,True
cdm_00923,cert_0923,domain_0001,False,True
cdm_00924,cert_0924,domain_0033,False,True
cdm_00925,cert_0925,domain_0002,False,True
cdm_00926,cert_0926,domain_0028,False,True
cdm_00927,cert_0927,domain_0027,False,True
cdm_00928,cert_0928,domain_0027,False,True
cdm_00929,cert_0929,domain_0025,False,True
cdm_00930,cert_0930,domain_0009,False,True
cdm_00931,cert_0931,domain_0038,False,True
cdm_00932,cert_0932,domain_0029,False,True
cdm_00933,cert_0933,domain_0029,False,True
cdm_00934,cert_0934,domain_0029,False,True
cdm_00935,cert_0935,domain_0014,False,True
cdm_00936,cert_0936,domain_0009,False,True
cdm_00937,cert_0937,domain_0025,False,True
cdm_00938,cert_0938,domain_0025,False,True
cdm_00939,cert_0939,domain_0025,False,True
cdm_00940,cert_0940,domain_0010,False,True
cdm_00941,cert_0941,domain_0022,False,True
cdm_00942,cert_0942,domain_0014,False,True
cdm_00943,cert_0943,domain_0024,False,True
cdm_00944,cert_0944,domain_0025,False,True
cdm_00945,cert_0945,domain_0023,False,True
cdm_00946,cert_0946,domain_0004,False,True
cdm_00947,cert_0947,domain_0041,False,True
cdm_00948,cert_0948,domain_0027,False,True
cdm_00949,cert_0949,domain_0040,False,True
cdm_00950,cert_0950,domain_0024,False,True
cdm_00951,cert_0951,domain_0024,False,True
cdm_00952,cert_0952,domain_0024,False,True
cdm_00953,cert_0953,domain_0027,False,True
cdm_00954,cert_0954,domain_0021,False,True
cdm_00955,cert_0955,domain_0027,False,True
cdm_00956,cert_0956,domain_0038,False,True
cdm_00957,cert_0957,domain_0027,False,True
cdm_00958,cert_0958,domain_0027,False,True
cdm_00959,cert_0959,domain_0027,False,True
cdm_00960,cert_0960,domain_0028,False,True
cdm_00961,cert_0961,domain_0004,False,True
cdm_00962,cert_0962,domain_0027,False,True
cdm_00963,cert_0963,domain_0023,False,True
cdm_00964,cert_0964,domain_0023,False,True
cdm_00965,cert_0965,domain_0023,False,True
cdm_00966,cert_0966,domain_0043,False,True
cdm_00967,cert_0967,domain_0029,False,True
cdm_00968,cert_0968,domain_0043,False,True
cdm_00969,cert_0969,domain_0043,False,True
cdm_00970,cert_0970,domain_0043,False,True
cdm_00971,cert_0971,domain_0043,False,True
cdm_00972,cert_0972,domain_0043,False,True
cdm_00973,cert_0973,domain_0043,False,True
cdm_00974,cert_0974,domain_0001,False,True
cdm_00975,cert_0975,domain_0001,False,True
cdm_00976,cert_0976,domain_0001,False,True
cdm_00977,cert_0977,domain_0043,False,True
cdm_00978,cert_0978,domain_0043,False,True
cdm_00979,cert_0979,domain_0043,False,True
cdm_00980,cert_0980,domain_0043,False,True
cdm_00981,cert_0981,domain_0043,False,True
cdm_00982,cert_0982,domain_0043,False,True
cdm_00983,cert_0983,domain_0043,False,True
cdm_00984,cert_0984,domain_0027,False,True
cdm_00985,cert_0985,domain_0027,False,True
cdm_00986,cert_0986,domain_0012,False,True
cdm_00987,cert_0987,domain_0012,False,True
cdm_00988,cert_0988,domain_0041,False,True
cdm_00989,cert_0989,domain_0041,False,True
cdm_00990,cert_0990,domain_0041,False,True
cdm_00991,cert_0991,domain_0041,False,True
cdm_00992,cert_0992,domain_0041,False,True
cdm_00993,cert_0993,domain_0041,False,True
cdm_00994,cert_0994,domain_0043,False,True
cdm_00995,cert_0995,domain_0043,False,True
cdm_00996,cert_0996,domain_0043,False,True
cdm_00997,cert_0997,domain_0043,False,True
cdm_00998,cert_0998,domain_0043,False,True
cdm_00999,cert_0999,domain_0027,False,True
cdm_01000,cert_1000,domain_0029,False,True
cdm_01001,cert_1001,domain_0027,False,True
cdm_01002,cert_1002,domain_0029,False,True
cdm_01003,cert_1003,domain_0016,False,True
cdm_01004,cert_1004,domain_0010,False,True
cdm_01005,cert_1005,domain_0010,False,True
cdm_01006,cert_1006,domain_0001,False,True
cdm_01007,cert_1007,domain_0033,False,True
cdm_01008,cert_1008,domain_0016,False,True
cdm_01009,cert_1009,domain_0027,False,True
cdm_01010,cert_1010,domain_0018,False,True
cdm_01011,cert_1011,domain_0013,False,True
cdm_01012,cert_1012,domain_0013,False,True
cdm_01013,cert_1013,domain_0017,False,True
cdm_01014,cert_1014,domain_0016,False,True
cdm_01015,cert_1015,domain_0016,False,True
cdm_01016,cert_1016,domain_0016,False,True
cdm_01017,cert_1017,domain_0023,False,True
cdm_01018,cert_1018,domain_0016,False,True
cdm_01019,cert_1019,domain_0010,False,True
cdm_01020,cert_1020,domain_0016,False,True
cdm_01021,cert_1021,domain_0028,False,True
cdm_01022,cert_1022,domain_0028,False,True
cdm_01023,cert_1023,domain_0028,False,True
cdm_01024,cert_1024,domain_0017,False,True
cdm_01025,cert_1025,domain_0016,False,True
cdm_01026,cert_1026,domain_0016,False,True
cdm_01027,cert_1027,domain_0016,False,True
cdm_01028,cert_1028,domain_0016,False,True
cdm_01029,cert_1029,domain_0028,False,True
cdm_01030,cert_1030,domain_0018,False,True
cdm_01031,cert_1031,domain_0010,False,True
cdm_01032,cert_1032,domain_0021,False,True
cdm_01033,cert_1033,domain_0016,False,True
cdm_01034,cert_1034,domain_0016,False,True
cdm_01035,cert_1035,domain_0002,False,True
cdm_01036,cert_1036,domain_0025,False,True
cdm_01037,cert_1037,domain_0016,False,True
cdm_01038,cert_1038,domain_0028,False,True
cdm_01039,cert_1039,domain_0031,False,True
cdm_01040,cert_1040,domain_0033,False,True
cdm_01041,cert_1041,domain_0002,False,True
cdm_01042,cert_1042,domain_0002,False,True
cdm_01043,cert_1043,domain_0017,False,True
cdm_01044,cert_1044,domain_0014,False,True
cdm_01045,cert_1045,domain_0031,False,True
cdm_01046,cert_1046,domain_0018,False,True
cdm_01047,cert_1047,domain_0014,False,True
cdm_01048,cert_1048,domain_0028,False,True
cdm_01049,cert_1049,domain_0011,False,True
cdm_01050,cert_1050,domain_0028,False,True
cdm_01051,cert_1051,domain_0016,False,True
cdm_01052,cert_1052,domain_0035,False,True
cdm_01053,cert_1053,domain_0018,False,True
cdm_01054,cert_1054,domain_0028,False,True
cdm_01055,cert_1055,domain_0021,False,True
cdm_01056,cert_1056,domain_0031,False,True
cdm_01057,cert_1057,domain_0028,False,True
cdm_01058,cert_1058,domain_0002,False,True
cdm_01059,cert_1059,domain_0002,False,True
cdm_01060,cert_1060,domain_0002,False,True
cdm_01061,cert_1061,domain_0002,False,True
cdm_01062,cert_1062,domain_0003,False,True
cdm_01063,cert_1063,domain_0033,False,True
cdm_01064,cert_1064,domain_0011,False,True
cdm_01065,cert_1065,domain_0016,False,True
cdm_01066,cert_1066,domain_0021,False,True
cdm_01067,cert_1067,domain_0008,False,True
cdm_01068,cert_1068,domain_0035,False,True
cdm_01069,cert_1069,domain_0028,False,True
cdm_01070,cert_1070,domain_0030,False,True
cdm_01071,cert_1071,domain_0016,False,True
cdm_01072,cert_1072,domain_0038,False,True
cdm_01073,cert_1073,domain_0038,False,True
cdm_01074,cert_1074,domain_0038,False,True
cdm_01075,cert_1075,domain_0033,False,True
cdm_01076,cert_1076,domain_0033,False,True
cdm_01077,cert_1077,domain_0002,False,True
cdm_01078,cert_1078,domain_0002,False,True
cdm_01079,cert_1079,domain_0002,False,True
cdm_01080,cert_1080,domain_0028,False,True
cdm_01081,cert_1081,domain_0033,False,True
cdm_01082,cert_1082,domain_0028,False,True
cdm_01083,cert_1083,domain_0028,False,True
cdm_01084,cert_1084,domain_0028,False,True
cdm_01085,cert_1085,domain_0028,False,True
cdm_01086,cert_1086,domain_0002,False,True
cdm_01087,cert_1087,domain_0002,False,True
cdm_01088,cert_1088,domain_0002,False,True
cdm_01089,cert_1089,domain_0028,False,True
cdm_01090,cert_1090,domain_0004,False,True
cdm_01091,cert_1091,domain_0028,False,True
cdm_01092,cert_1092,domain_0028,False,True
cdm_01093,cert_1093,domain_0004,False,True
cdm_01094,cert_1094,domain_0017,False,True
cdm_01095,cert_1095,domain_0017,False,True
cdm_01096,cert_1096,domain_0017,False,True
cdm_01097,cert_1097,domain_0017,False,True
cdm_01098,cert_1098,domain_0017,False,True
cdm_01099,cert_1099,domain_0028,False,True
cdm_01100,cert_1100,domain_0017,False,True
cdm_01101,cert_1101,domain_0017,False,True
cdm_01102,cert_1102,domain_0017,False,True
cdm_01103,cert_1103,domain_0028,False,True
cdm_01104,cert_1104,domain_0028,False,True
cdm_01105,cert_1105,domain_0028,False,True
cdm_01106,cert_1106,domain_0028,False,True
cdm_01107,cert_1107,domain_0017,False,True
cdm_01108,cert_1108,domain_0004,False,True
cdm_01109,cert_1109,domain_0017,False,True
cdm_01110,cert_1110,domain_0017,False,True
cdm_01111,cert_1111,domain_0002,False,True
cdm_01112,cert_1112,domain_0002,False,True
cdm_01113,cert_1113,domain_0003,False,True
cdm_01114,cert_1114,domain_0002,False,True
cdm_01115,cert_1115,domain_0002,False,True
cdm_01116,cert_1116,domain_0016,False,True
cdm_01117,cert_1117,domain_0002,False,True
cdm_01118,cert_1118,domain_0016,False,True
cdm_01119,cert_1119,domain_0026,False,True
cdm_01120,cert_1120,domain_0026,False,True
cdm_01121,cert_1121,domain_0026,False,True
cdm_01122,cert_1122,domain_0021,False,True
cdm_01123,cert_1123,domain_0016,False,True
cdm_01124,cert_1124,domain_0025,False,True
cdm_01125,cert_1125,domain_0018,False,True
cdm_01126,cert_1126,domain_0016,False,True
cdm_01127,cert_1127,domain_0001,False,True
cdm_01128,cert_1128,domain_0001,False,True
cdm_01129,cert_1129,domain_0017,False,True
cdm_01130,cert_1130,domain_0001,False,True
cdm_01131,cert_1131,domain_0001,False,True
cdm_01132,cert_1132,domain_0016,False,True
cdm_01133,cert_1133,domain_0016,False,True
cdm_01134,cert_1134,domain_0016,False,True
cdm_01135,cert_1135,domain_0016,False,True
cdm_01136,cert_1136,domain_0016,False,True
cdm_01137,cert_1137,domain_0016,False,True
cdm_01138,cert_1138,domain_0016,False,True
cdm_01139,cert_1139,domain_0016,False,True
cdm_01140,cert_1140,domain_0006,False,True
cdm_01141,cert_1141,domain_0003,False,True
cdm_01142,cert_1142,domain_0038,False,True
cdm_01143,cert_1143,domain_0001,False,True
cdm_01144,cert_1144,domain_0020,False,True
cdm_01145,cert_1145,domain_0029,False,True
cdm_01146,cert_1146,domain_0004,False,True
cdm_01147,cert_1147,domain_0022,False,True
cdm_01148,cert_1148,domain_0016,False,True
cdm_01149,cert_1149,domain_0003,False,True
cdm_01150,cert_1150,domain_0021,False,True
cdm_01151,cert_1151,domain_0021,False,True
cdm_01152,cert_1152,domain_0003,False,True
cdm_01153,cert_1153,domain_0003,False,True
cdm_01154,cert_1154,domain_0025,False,True
cdm_01155,cert_1155,domain_0024,False,True
cdm_01156,cert_1156,domain_0002,False,True
cdm_01157,cert_1157,domain_0002,False,True
cdm_01158,cert_1158,domain_0002,False,True
cdm_01159,cert_1159,domain_0028,False,True
cdm_01160,cert_1160,domain_0028,False,True
cdm_01161,cert_1161,domain_0028,False,True
cdm_01162,cert_1162,domain_0024,False,True
cdm_01163,cert_1163,domain_0028,False,True
cdm_01164,cert_1164,domain_0027,False,True
cdm_01165,cert_1165,domain_0024,False,True
cdm_01166,cert_1166,domain_0023,False,True
cdm_01167,cert_1167,domain_0016,False,True
cdm_01168,cert_1168,domain_0003,False,True
cdm_01169,cert_1169,domain_0025,False,True
cdm_01170,cert_1170,domain_0030,False,True
cdm_01171,cert_1171,domain_0025,False,True
cdm_01172,cert_1172,domain_0027,False,True
cdm_01173,cert_1173,domain_0025,False,True
cdm_01174,cert_1174,domain_0025,False,True
cdm_01175,cert_1175,domain_0024,False,True
cdm_01176,cert_1176,domain_0024,False,True
cdm_01177,cert_1177,domain_0026,False,True
cdm_01178,cert_1178,domain_0024,False,True
cdm_01179,cert_1179,domain_0028,False,True
cdm_01180,cert_1180,domain_0025,False,True
cdm_01181,cert_1181,domain_0023,False,True
cdm_01182,cert_1182,domain_0028,False,True
cdm_01183,cert_1183,domain_0028,False,True
cdm_01184,cert_1184,domain_0038,False,True
cdm_01185,cert_1185,domain_0038,False,True
cdm_01186,cert_1186,domain_0038,False,True
cdm_01187,cert_1187,domain_0038,False,True
cdm_01188,cert_1188,domain_0038,False,True
cdm_01189,cert_1189,domain_0017,False,True
cdm_01190,cert_1190,domain_0038,False,True
cdm_01191,cert_1191,domain_0017,False,True
cdm_01192,cert_1192,domain_0017,False,True
cdm_01193,cert_1193,domain_0017,False,True
cdm_01194,cert_1194,domain_0020,False,True
cdm_01195,cert_1195,domain_0016,False,True
cdm_01196,cert_1196,domain_0029,False,True
cdm_01197,cert_1197,domain_0029,False,True
cdm_01198,cert_1198,domain_0017,False,True
cdm_01199,cert_1199,domain_0028,False,True
cdm_01200,cert_1200,domain_0018,False,True
cdm_01201,cert_1201,domain_0025,False,True
cdm_01202,cert_1202,domain_0028,False,True
cdm_01203,cert_1203,domain_0002,False,True
cdm_01204,cert_1204,domain_0002,False,True
cdm_01205,cert_1205,domain_0002,False,True
cdm_01206,cert_1206,domain_0002,False,True
cdm_01207,cert_1207,domain_0001,False,True
cdm_01208,cert_1208,domain_0018,False,True
cdm_01209,cert_1209,domain_0038,False,True
cdm_01210,cert_1210,domain_0017,False,True
cdm_01211,cert_1211,domain_0038,False,True
cdm_01212,cert_1212,domain_0020,False,True
cdm_01213,cert_1213,domain_0020,False,True
cdm_01214,cert_1214,domain_0024,False,True
cdm_01215,cert_1215,domain_0016,False,True
cdm_01216,cert_1216,domain_0038,False,True
cdm_01217,cert_1217,domain_0028,False,True
cdm_01218,cert_1218,domain_0030,False,True
cdm_01219,cert_1219,domain_0026,False,True
cdm_01220,cert_1220,domain_0028,False,True
cdm_01221,cert_1221,domain_0028,False,True
cdm_01222,cert_1222,domain_0028,False,True
cdm_01223,cert_1223,domain_0028,False,True
cdm_01224,cert_1224,domain_0028,False,True
cdm_01225,cert_1225,domain_0028,False,True
cdm_01226,cert_1226,domain_0028,False,True
cdm_01227,cert_1227,domain_0028,False,True
cdm_01228,cert_1228,domain_0028,False,True
cdm_01229,cert_1229,domain_0028,False,True
cdm_01230,cert_1230,domain_0028,False,True
cdm_01231,cert_1231,domain_0028,False,True
cdm_01232,cert_1232,domain_0028,False,True
cdm_01233,cert_1233,domain_0028,False,True
cdm_01234,cert_1234,domain_0028,False,True
cdm_01235,cert_1235,domain_0028,False,True
cdm_01236,cert_1236,domain_0028,False,True
cdm_01237,cert_1237,domain_0028,False,True
cdm_01238,cert_1238,domain_0022,False,True
cdm_01239,cert_1239,domain_0022,False,True
cdm_01240,cert_1240,domain_0016,False,True
cdm_01241,cert_1241,domain_0016,False,True
cdm_01242,cert_1242,domain_0016,False,True
cdm_01243,cert_1243,domain_0016,False,True
cdm_01244,cert_1244,domain_0028,False,True
cdm_01245,cert_1245,domain_0028,False,True
cdm_01246,cert_1246,domain_0028,False,True
cdm_01247,cert_1247,domain_0028,False,True
cdm_01248,cert_1248,domain_0028,False,True
cdm_01249,cert_1249,domain_0028,False,True
cdm_01250,cert_1250,domain_0028,False,True
cdm_01251,cert_1251,domain_0028,False,True
cdm_01252,cert_1252,domain_0028,False,True
cdm_01253,cert_1253,domain_0028,False,True
cdm_01254,cert_1254,domain_0028,False,True
cdm_01255,cert_1255,domain_0028,False,True
cdm_01256,cert_1256,domain_0025,False,True
cdm_01257,cert_1257,domain_0024,False,True
cdm_01258,cert_1258,domain_0027,False,True
cdm_01259,cert_1259,domain_0024,False,True
cdm_01260,cert_1260,domain_0024,False,True
cdm_01261,cert_1261,domain_0027,False,True
cdm_01262,cert_1262,domain_0033,False,True
cdm_01263,cert_1263,domain_0027,False,True
cdm_01264,cert_1264,domain_0027,False,True
cdm_01265,cert_1265,domain_0027,False,True
cdm_01266,cert_1266,domain_0017,False,True
cdm_01267,cert_1267,domain_0027,False,True
cdm_01268,cert_1268,domain_0024,False,True
cdm_01269,cert_1269,domain_0024,False,True
cdm_01270,cert_1270,domain_0024,False,True
cdm_01271,cert_1271,domain_0033,False,True
cdm_01272,cert_1272,domain_0016,False,True
cdm_01273,cert_1273,domain_0016,False,True
cdm_01274,cert_1274,domain_0028,False,True
cdm_01275,cert_1275,domain_0028,False,True
cdm_01276,cert_1276,domain_0028,False,True
cdm_01277,cert_1277,domain_0028,False,True
cdm_01278,cert_1278,domain_0028,False,True
cdm_01279,cert_1279,domain_0028,False,True
cdm_01280,cert_1280,domain_0028,False,True
cdm_01281,cert_1281,domain_0017,False,True
cdm_01282,cert_1282,domain_0017,False,True
cdm_01283,cert_1283,domain_0017,False,True
cdm_01284,cert_1284,domain_0016,False,True
cdm_01285,cert_1285,domain_0016,False,True
cdm_01286,cert_1286,domain_0003,False,True
cdm_01287,cert_1287,domain_0003,False,True
cdm_01288,cert_1288,domain_0027,False,True
cdm_01289,cert_1289,domain_0022,False,True
cdm_01290,cert_1290,domain_0004,False,True
