relation_id,cert_id,major_id,is_active
cmj_00001,cert_0911,major_qnet_2221,True
cmj_00002,cert_0912,major_qnet_2221,True
cmj_00003,cert_1061,major_qnet_2221,True
cmj_00004,cert_0901,major_qnet_3050,True
cmj_00005,cert_0901,major_qnet_5373,True
cmj_00006,cert_0901,major_qnet_4289,True
cmj_00007,cert_0706,major_qnet_3050,True
cmj_00008,cert_0706,major_qnet_5373,True
cmj_00009,cert_0706,major_qnet_4289,True
cmj_00010,cert_0900,major_qnet_3050,True
cmj_00011,cert_0900,major_qnet_5373,True
cmj_00012,cert_0900,major_qnet_4289,True
cmj_00013,cert_0907,major_qnet_3050,True
cmj_00014,cert_0907,major_qnet_5373,True
cmj_00015,cert_0907,major_qnet_4289,True
cmj_00016,cert_0698,major_qnet_3050,True
cmj_00017,cert_0698,major_qnet_5373,True
cmj_00018,cert_0698,major_qnet_4289,True
cmj_00019,cert_0699,major_qnet_3050,True
cmj_00020,cert_0699,major_qnet_5373,True
cmj_00021,cert_0699,major_qnet_4289,True
cmj_00022,cert_0923,major_qnet_3050,True
cmj_00023,cert_0923,major_qnet_5373,True
cmj_00024,cert_0923,major_qnet_4289,True
cmj_00025,cert_1109,major_qnet_3050,True
cmj_00026,cert_1109,major_qnet_5373,True
cmj_00027,cert_1109,major_qnet_4289,True
cmj_00028,cert_1110,major_qnet_3050,True
cmj_00029,cert_1110,major_qnet_5373,True
cmj_00030,cert_1110,major_qnet_4289,True
cmj_00031,cert_1129,major_qnet_3050,True
cmj_00032,cert_1129,major_qnet_5373,True
cmj_00033,cert_1129,major_qnet_4289,True
cmj_00034,cert_0063,major_qnet_2221,True
cmj_00035,cert_0064,major_qnet_2221,True
cmj_00036,cert_0156,major_qnet_2221,True
cmj_00037,cert_0292,major_qnet_2221,True
cmj_00038,cert_1208,major_qnet_2221,True
cmj_00039,cert_1200,major_qnet_2221,True
cmj_00040,cert_0835,major_qnet_2221,True
cmj_00041,cert_0770,major_qnet_2221,True
cmj_00042,cert_0771,major_qnet_2221,True
cmj_00043,cert_0772,major_qnet_2221,True
cmj_00044,cert_0733,major_qnet_4289,True
cmj_00045,cert_1033,major_qnet_4289,True
cmj_00046,cert_1027,major_qnet_4289,True
cmj_00047,cert_1034,major_qnet_4289,True
cmj_00048,cert_1003,major_qnet_4289,True
cmj_00049,cert_1013,major_qnet_4289,True
cmj_00050,cert_1014,major_qnet_4289,True
cmj_00051,cert_1132,major_qnet_4289,True
cmj_00052,cert_1139,major_qnet_4289,True
cmj_00053,cert_1020,major_qnet_4289,True
cmj_00054,cert_1273,major_qnet_4289,True
cmj_00055,cert_1272,major_qnet_4289,True
cmj_00056,cert_1195,major_qnet_4289,True
cmj_00057,cert_0729,major_qnet_4289,True
cmj_00058,cert_0733,major_qnet_5373,True
cmj_00059,cert_0715,major_qnet_4289,True
cmj_00060,cert_0715,major_qnet_5373,True
cmj_00061,cert_0716,major_qnet_4289,True
cmj_00062,cert_0716,major_qnet_5373,True
cmj_00063,cert_0717,major_qnet_4289,True
cmj_00064,cert_0717,major_qnet_5373,True
cmj_00065,cert_1033,major_qnet_5373,True
cmj_00066,cert_1034,major_qnet_5373,True
cmj_00067,cert_1003,major_qnet_5373,True
cmj_00068,cert_1014,major_qnet_5373,True
cmj_00069,cert_1132,major_qnet_5373,True
cmj_00070,cert_1139,major_qnet_5373,True
cmj_00071,cert_1020,major_qnet_5373,True
cmj_00072,cert_1273,major_qnet_5373,True
cmj_00073,cert_1272,major_qnet_5373,True
cmj_00074,cert_0957,major_qnet_6002,True
cmj_00075,cert_0958,major_qnet_6002,True
cmj_00076,cert_0959,major_qnet_6002,True
cmj_00077,cert_0696,major_qnet_6002,True
cmj_00078,cert_0696,major_qnet_2221,True
cmj_00079,cert_0696,major_qnet_6003,True
cmj_00080,cert_0911,major_qnet_6002,True
cmj_00081,cert_0911,major_qnet_6003,True
cmj_00082,cert_0697,major_qnet_6002,True
cmj_00083,cert_0697,major_qnet_2221,True
cmj_00084,cert_0697,major_qnet_6003,True
cmj_00085,cert_0912,major_qnet_6002,True
cmj_00086,cert_0912,major_qnet_6003,True
cmj_00087,cert_0957,major_qnet_2221,True
cmj_00088,cert_0957,major_qnet_6003,True
cmj_00089,cert_1189,major_qnet_6002,True
cmj_00090,cert_1189,major_qnet_2221,True
cmj_00091,cert_1189,major_qnet_6003,True
cmj_00092,cert_1191,major_qnet_6002,True
cmj_00093,cert_1191,major_qnet_2221,True
cmj_00094,cert_1191,major_qnet_6003,True
cmj_00095,cert_1198,major_qnet_6002,True
cmj_00096,cert_1198,major_qnet_2221,True
cmj_00097,cert_1198,major_qnet_6003,True
cmj_00098,cert_1192,major_qnet_6002,True
cmj_00099,cert_1192,major_qnet_2221,True
cmj_00100,cert_1192,major_qnet_6003,True
cmj_00101,cert_0958,major_qnet_2221,True
cmj_00102,cert_0958,major_qnet_6003,True
cmj_00103,cert_0959,major_qnet_2221,True
cmj_00104,cert_0959,major_qnet_6003,True
cmj_00105,cert_0043,major_qnet_4862,True
cmj_00106,cert_0043,major_qnet_5630,True
cmj_00107,cert_0043,major_qnet_6003,True
cmj_00108,cert_0117,major_qnet_4862,True
cmj_00109,cert_0117,major_qnet_5630,True
cmj_00110,cert_0117,major_qnet_6003,True
cmj_00111,cert_0135,major_qnet_4862,True
cmj_00112,cert_0135,major_qnet_5630,True
cmj_00113,cert_0135,major_qnet_6003,True
cmj_00114,cert_0256,major_qnet_4862,True
cmj_00115,cert_0256,major_qnet_5630,True
cmj_00116,cert_0256,major_qnet_6003,True
cmj_00117,cert_0906,major_qnet_4862,True
cmj_00118,cert_0906,major_qnet_5630,True
cmj_00119,cert_0906,major_qnet_6003,True
cmj_00120,cert_0547,major_qnet_4862,True
cmj_00121,cert_0547,major_qnet_5630,True
cmj_00122,cert_0547,major_qnet_6003,True
cmj_00123,cert_0479,major_qnet_4862,True
cmj_00124,cert_0479,major_qnet_5630,True
cmj_00125,cert_0479,major_qnet_6003,True
cmj_00126,cert_0704,major_qnet_4862,True
cmj_00127,cert_0704,major_qnet_5630,True
cmj_00128,cert_0704,major_qnet_6003,True
cmj_00129,cert_0705,major_qnet_4862,True
cmj_00130,cert_0705,major_qnet_5630,True
cmj_00131,cert_0705,major_qnet_6003,True
cmj_00132,cert_0748,major_qnet_4862,True
cmj_00133,cert_0748,major_qnet_5630,True
cmj_00134,cert_0748,major_qnet_6003,True
cmj_00135,cert_0777,major_qnet_4862,True
cmj_00136,cert_0777,major_qnet_5630,True
cmj_00137,cert_0777,major_qnet_6003,True
cmj_00138,cert_0731,major_qnet_4862,True
cmj_00139,cert_0731,major_qnet_5630,True
cmj_00140,cert_0731,major_qnet_6003,True
cmj_00141,cert_1017,major_qnet_4862,True
cmj_00142,cert_1017,major_qnet_5630,True
cmj_00143,cert_1017,major_qnet_6003,True
cmj_00144,cert_1054,major_qnet_4862,True
cmj_00145,cert_1054,major_qnet_5630,True
cmj_00146,cert_1054,major_qnet_6003,True
cmj_00147,cert_1038,major_qnet_4862,True
cmj_00148,cert_1038,major_qnet_5630,True
cmj_00149,cert_1038,major_qnet_6003,True
cmj_00150,cert_1057,major_qnet_4862,True
cmj_00151,cert_1057,major_qnet_5630,True
cmj_00152,cert_1057,major_qnet_6003,True
cmj_00153,cert_1122,major_qnet_4862,True
cmj_00154,cert_1122,major_qnet_5630,True
cmj_00155,cert_1122,major_qnet_6003,True
cmj_00156,cert_1124,major_qnet_4862,True
cmj_00157,cert_1124,major_qnet_5630,True
cmj_00158,cert_1124,major_qnet_6003,True
cmj_00159,cert_1029,major_qnet_4862,True
cmj_00160,cert_1029,major_qnet_5630,True
cmj_00161,cert_1029,major_qnet_6003,True
cmj_00162,cert_0061,major_qnet_5630,True
cmj_00163,cert_0155,major_qnet_5630,True
cmj_00164,cert_0301,major_qnet_5630,True
cmj_00165,cert_0747,major_qnet_5630,True
cmj_00166,cert_0950,major_qnet_6003,True
cmj_00167,cert_0950,major_qnet_6002,True
cmj_00168,cert_0953,major_qnet_6003,True
cmj_00169,cert_0953,major_qnet_6002,True
cmj_00170,cert_0951,major_qnet_6003,True
cmj_00171,cert_0951,major_qnet_6002,True
cmj_00172,cert_0955,major_qnet_6003,True
cmj_00173,cert_0955,major_qnet_6002,True
cmj_00174,cert_0952,major_qnet_6003,True
cmj_00175,cert_0952,major_qnet_6002,True
cmj_00176,cert_0962,major_qnet_6003,True
cmj_00177,cert_0962,major_qnet_6002,True
cmj_00178,cert_0704,major_qnet_6002,True
cmj_00179,cert_0705,major_qnet_6002,True
cmj_00180,cert_0635,major_qnet_3051,True
cmj_00181,cert_0999,major_qnet_3051,True
cmj_00182,cert_0928,major_qnet_3051,True
cmj_00183,cert_0088,major_qnet_3051,True
cmj_00184,cert_0374,major_qnet_3051,True
cmj_00185,cert_0114,major_qnet_3051,True
cmj_00186,cert_0113,major_qnet_3051,True
cmj_00187,cert_0122,major_qnet_3051,True
cmj_00188,cert_0202,major_qnet_3051,True
cmj_00189,cert_0129,major_qnet_3051,True
cmj_00190,cert_0158,major_qnet_3051,True
cmj_00191,cert_0294,major_qnet_3051,True
cmj_00192,cert_0252,major_qnet_3051,True
cmj_00193,cert_0250,major_qnet_3051,True
cmj_00194,cert_0260,major_qnet_3051,True
cmj_00195,cert_0295,major_qnet_3051,True
cmj_00196,cert_0277,major_qnet_3051,True
cmj_00197,cert_0632,major_qnet_3051,True
cmj_00198,cert_0628,major_qnet_3051,True
cmj_00199,cert_0574,major_qnet_3051,True
cmj_00200,cert_0560,major_qnet_3051,True
cmj_00201,cert_0871,major_qnet_5377,True
cmj_00202,cert_0735,major_qnet_5377,True
cmj_00203,cert_0869,major_qnet_5377,True
cmj_00204,cert_0870,major_qnet_5377,True
cmj_00205,cert_0870,major_qnet_5201,True
cmj_00206,cert_0870,major_qnet_7122,True
cmj_00207,cert_1103,major_qnet_5201,True
cmj_00208,cert_1103,major_qnet_7122,True
cmj_00209,cert_1103,major_qnet_5377,True
cmj_00210,cert_1104,major_qnet_5201,True
cmj_00211,cert_1104,major_qnet_7122,True
cmj_00212,cert_1104,major_qnet_5377,True
cmj_00213,cert_1105,major_qnet_5201,True
cmj_00214,cert_1105,major_qnet_7122,True
cmj_00215,cert_1105,major_qnet_5377,True
cmj_00216,cert_1106,major_qnet_5201,True
cmj_00217,cert_1106,major_qnet_7122,True
cmj_00218,cert_1106,major_qnet_5377,True
cmj_00219,cert_1092,major_qnet_5201,True
cmj_00220,cert_1092,major_qnet_7122,True
cmj_00221,cert_1092,major_qnet_5377,True
cmj_00222,cert_1099,major_qnet_5201,True
cmj_00223,cert_1099,major_qnet_7122,True
cmj_00224,cert_1099,major_qnet_5377,True
cmj_00225,cert_1091,major_qnet_5201,True
cmj_00226,cert_1091,major_qnet_7122,True
cmj_00227,cert_1091,major_qnet_5377,True
cmj_00228,cert_0044,major_qnet_5377,True
cmj_00229,cert_0123,major_qnet_5377,True
cmj_00230,cert_0121,major_qnet_5377,True
cmj_00231,cert_0902,major_qnet_5377,True
cmj_00232,cert_0261,major_qnet_5377,True
cmj_00233,cert_0258,major_qnet_5377,True
cmj_00234,cert_1093,major_qnet_5377,True
cmj_00235,cert_0546,major_qnet_5377,True
cmj_00236,cert_1290,major_qnet_5377,True
cmj_00237,cert_0689,major_qnet_5148,True
cmj_00238,cert_0691,major_qnet_5148,True
cmj_00239,cert_0685,major_qnet_5148,True
cmj_00240,cert_0687,major_qnet_5148,True
cmj_00241,cert_0388,major_qnet_5148,True
cmj_00242,cert_0389,major_qnet_5148,True
cmj_00243,cert_0840,major_qnet_7122,True
cmj_00244,cert_0840,major_qnet_5201,True
cmj_00245,cert_0932,major_qnet_7122,True
cmj_00246,cert_0932,major_qnet_5201,True
cmj_00247,cert_0933,major_qnet_7122,True
cmj_00248,cert_0933,major_qnet_5201,True
cmj_00249,cert_0934,major_qnet_7122,True
cmj_00250,cert_0934,major_qnet_5201,True
cmj_00251,cert_0711,major_qnet_5201,True
cmj_00252,cert_0937,major_qnet_5201,True
cmj_00253,cert_0944,major_qnet_5201,True
cmj_00254,cert_0744,major_qnet_5201,True
cmj_00255,cert_0730,major_qnet_5201,True
cmj_00256,cert_0751,major_qnet_5201,True
cmj_00257,cert_0752,major_qnet_5201,True
cmj_00258,cert_0939,major_qnet_5201,True
cmj_00259,cert_0938,major_qnet_5201,True
cmj_00260,cert_1201,major_qnet_5201,True
cmj_00261,cert_0678,major_qnet_7122,True
cmj_00262,cert_0678,major_qnet_5201,True
cmj_00263,cert_0940,major_qnet_6564,True
cmj_00264,cert_0032,major_qnet_6564,True
cmj_00265,cert_0034,major_qnet_6564,True
cmj_00266,cert_0036,major_qnet_6564,True
cmj_00267,cert_0037,major_qnet_6564,True
cmj_00268,cert_0020,major_qnet_6564,True
cmj_00269,cert_0021,major_qnet_6564,True
cmj_00270,cert_0022,major_qnet_6564,True
cmj_00271,cert_0024,major_qnet_6564,True
cmj_00272,cert_0027,major_qnet_6564,True
cmj_00273,cert_0028,major_qnet_6564,True
cmj_00274,cert_0029,major_qnet_6564,True
cmj_00275,cert_0030,major_qnet_6564,True
cmj_00276,cert_0031,major_qnet_6564,True
cmj_00277,cert_0051,major_qnet_6564,True
cmj_00278,cert_0052,major_qnet_6564,True
cmj_00279,cert_0053,major_qnet_6564,True
cmj_00280,cert_0071,major_qnet_6564,True
cmj_00281,cert_0059,major_qnet_6564,True
cmj_00282,cert_0376,major_qnet_6564,True
cmj_00283,cert_0377,major_qnet_6564,True
cmj_00284,cert_0384,major_qnet_6564,True
cmj_00285,cert_0129,major_qnet_6564,True
cmj_00286,cert_0185,major_qnet_6564,True
cmj_00287,cert_0186,major_qnet_6564,True
cmj_00288,cert_0101,major_qnet_6564,True
cmj_00289,cert_0128,major_qnet_6564,True
cmj_00290,cert_0139,major_qnet_6564,True
cmj_00291,cert_0141,major_qnet_6564,True
cmj_00292,cert_0142,major_qnet_6564,True
cmj_00293,cert_0144,major_qnet_6564,True
cmj_00294,cert_0145,major_qnet_6564,True
cmj_00295,cert_0146,major_qnet_6564,True
cmj_00296,cert_0164,major_qnet_6564,True
cmj_00297,cert_0198,major_qnet_6564,True
cmj_00298,cert_0200,major_qnet_6564,True
cmj_00299,cert_0148,major_qnet_6564,True
cmj_00300,cert_0265,major_qnet_6564,True
cmj_00301,cert_0266,major_qnet_6564,True
cmj_00302,cert_0277,major_qnet_6564,True
cmj_00303,cert_0309,major_qnet_6564,True
cmj_00304,cert_0310,major_qnet_6564,True
cmj_00305,cert_0332,major_qnet_6564,True
cmj_00306,cert_0232,major_qnet_6564,True
cmj_00307,cert_0264,major_qnet_6564,True
cmj_00308,cert_0283,major_qnet_6564,True
cmj_00309,cert_0285,major_qnet_6564,True
cmj_00310,cert_0286,major_qnet_6564,True
cmj_00311,cert_0287,major_qnet_6564,True
cmj_00312,cert_0308,major_qnet_6564,True
cmj_00313,cert_0323,major_qnet_6564,True
cmj_00314,cert_0324,major_qnet_6564,True
cmj_00315,cert_0289,major_qnet_6564,True
cmj_00316,cert_0558,major_qnet_6564,True
cmj_00317,cert_0560,major_qnet_6564,True
cmj_00318,cert_0561,major_qnet_6564,True
cmj_00319,cert_0563,major_qnet_6564,True
cmj_00320,cert_0566,major_qnet_6564,True
cmj_00321,cert_0568,major_qnet_6564,True
cmj_00322,cert_0569,major_qnet_6564,True
cmj_00323,cert_0572,major_qnet_6564,True
cmj_00324,cert_0573,major_qnet_6564,True
cmj_00325,cert_0574,major_qnet_6564,True
cmj_00326,cert_0575,major_qnet_6564,True
cmj_00327,cert_0576,major_qnet_6564,True
cmj_00328,cert_0577,major_qnet_6564,True
cmj_00329,cert_0578,major_qnet_6564,True
cmj_00330,cert_0497,major_qnet_6564,True
cmj_00331,cert_0553,major_qnet_6564,True
cmj_00332,cert_0555,major_qnet_6564,True
cmj_00333,cert_0556,major_qnet_6564,True
cmj_00334,cert_0557,major_qnet_6564,True
cmj_00335,cert_0562,major_qnet_6564,True
cmj_00336,cert_0570,major_qnet_6564,True
cmj_00337,cert_0608,major_qnet_6564,True
cmj_00338,cert_0618,major_qnet_6564,True
cmj_00339,cert_0619,major_qnet_6564,True
cmj_00340,cert_0620,major_qnet_6564,True
cmj_00341,cert_0621,major_qnet_6564,True
cmj_00342,cert_0032,major_qnet_7128,True
cmj_00343,cert_0032,major_qnet_3805,True
cmj_00344,cert_0032,major_qnet_2221,True
cmj_00345,cert_0032,major_qnet_3889,True
cmj_00346,cert_0034,major_qnet_7128,True
cmj_00347,cert_0034,major_qnet_3805,True
cmj_00348,cert_0034,major_qnet_2221,True
cmj_00349,cert_0034,major_qnet_3889,True
cmj_00350,cert_0036,major_qnet_7128,True
cmj_00351,cert_0036,major_qnet_3805,True
cmj_00352,cert_0036,major_qnet_2221,True
cmj_00353,cert_0036,major_qnet_3889,True
cmj_00354,cert_0037,major_qnet_7128,True
cmj_00355,cert_0037,major_qnet_3805,True
cmj_00356,cert_0037,major_qnet_2221,True
cmj_00357,cert_0037,major_qnet_3889,True
cmj_00358,cert_0029,major_qnet_7128,True
cmj_00359,cert_0029,major_qnet_3805,True
cmj_00360,cert_0029,major_qnet_2221,True
cmj_00361,cert_0029,major_qnet_3889,True
cmj_00362,cert_0021,major_qnet_7128,True
cmj_00363,cert_0021,major_qnet_3805,True
cmj_00364,cert_0021,major_qnet_2221,True
cmj_00365,cert_0021,major_qnet_3889,True
cmj_00366,cert_0020,major_qnet_7128,True
cmj_00367,cert_0020,major_qnet_3805,True
cmj_00368,cert_0020,major_qnet_2221,True
cmj_00369,cert_0020,major_qnet_3889,True
cmj_00370,cert_0028,major_qnet_7128,True
cmj_00371,cert_0028,major_qnet_3805,True
cmj_00372,cert_0028,major_qnet_2221,True
cmj_00373,cert_0028,major_qnet_3889,True
cmj_00374,cert_0027,major_qnet_7128,True
cmj_00375,cert_0027,major_qnet_3805,True
cmj_00376,cert_0027,major_qnet_2221,True
cmj_00377,cert_0027,major_qnet_3889,True
cmj_00378,cert_0052,major_qnet_7128,True
cmj_00379,cert_0052,major_qnet_3805,True
cmj_00380,cert_0052,major_qnet_2221,True
cmj_00381,cert_0052,major_qnet_3889,True
cmj_00382,cert_0071,major_qnet_7128,True
cmj_00383,cert_0071,major_qnet_3805,True
cmj_00384,cert_0071,major_qnet_2221,True
cmj_00385,cert_0071,major_qnet_3889,True
cmj_00386,cert_0024,major_qnet_7128,True
cmj_00387,cert_0024,major_qnet_3805,True
cmj_00388,cert_0024,major_qnet_2221,True
cmj_00389,cert_0024,major_qnet_3889,True
cmj_00390,cert_0051,major_qnet_7128,True
cmj_00391,cert_0051,major_qnet_3805,True
cmj_00392,cert_0051,major_qnet_2221,True
cmj_00393,cert_0051,major_qnet_3889,True
cmj_00394,cert_0030,major_qnet_7128,True
cmj_00395,cert_0030,major_qnet_3805,True
cmj_00396,cert_0030,major_qnet_2221,True
cmj_00397,cert_0030,major_qnet_3889,True
cmj_00398,cert_0031,major_qnet_7128,True
cmj_00399,cert_0031,major_qnet_3805,True
cmj_00400,cert_0031,major_qnet_2221,True
cmj_00401,cert_0031,major_qnet_3889,True
cmj_00402,cert_0022,major_qnet_7128,True
cmj_00403,cert_0022,major_qnet_3805,True
cmj_00404,cert_0022,major_qnet_2221,True
cmj_00405,cert_0022,major_qnet_3889,True
cmj_00406,cert_0053,major_qnet_7128,True
cmj_00407,cert_0053,major_qnet_3805,True
cmj_00408,cert_0053,major_qnet_2221,True
cmj_00409,cert_0053,major_qnet_3889,True
cmj_00410,cert_0050,major_qnet_7128,True
cmj_00411,cert_0050,major_qnet_3805,True
cmj_00412,cert_0050,major_qnet_2221,True
cmj_00413,cert_0050,major_qnet_3889,True
cmj_00414,cert_0087,major_qnet_7128,True
cmj_00415,cert_0087,major_qnet_3805,True
cmj_00416,cert_0087,major_qnet_2221,True
cmj_00417,cert_0087,major_qnet_3889,True
cmj_00418,cert_0048,major_qnet_7128,True
cmj_00419,cert_0048,major_qnet_3805,True
cmj_00420,cert_0048,major_qnet_2221,True
cmj_00421,cert_0048,major_qnet_3889,True
cmj_00422,cert_0006,major_qnet_7128,True
cmj_00423,cert_0006,major_qnet_3805,True
cmj_00424,cert_0006,major_qnet_2221,True
cmj_00425,cert_0006,major_qnet_3889,True
cmj_00426,cert_0015,major_qnet_7128,True
cmj_00427,cert_0015,major_qnet_3805,True
cmj_00428,cert_0015,major_qnet_2221,True
cmj_00429,cert_0015,major_qnet_3889,True
cmj_00430,cert_0016,major_qnet_7128,True
cmj_00431,cert_0016,major_qnet_3805,True
cmj_00432,cert_0016,major_qnet_2221,True
cmj_00433,cert_0016,major_qnet_3889,True
cmj_00434,cert_0043,major_qnet_7128,True
cmj_00435,cert_0043,major_qnet_3805,True
cmj_00436,cert_0043,major_qnet_2221,True
cmj_00437,cert_0043,major_qnet_3889,True
cmj_00438,cert_0045,major_qnet_7128,True
cmj_00439,cert_0045,major_qnet_3805,True
cmj_00440,cert_0045,major_qnet_2221,True
cmj_00441,cert_0045,major_qnet_3889,True
cmj_00442,cert_0044,major_qnet_7128,True
cmj_00443,cert_0044,major_qnet_3805,True
cmj_00444,cert_0044,major_qnet_2221,True
cmj_00445,cert_0044,major_qnet_3889,True
cmj_00446,cert_0059,major_qnet_7128,True
cmj_00447,cert_0059,major_qnet_3805,True
cmj_00448,cert_0059,major_qnet_2221,True
cmj_00449,cert_0059,major_qnet_3889,True
cmj_00450,cert_0056,major_qnet_7128,True
cmj_00451,cert_0056,major_qnet_3805,True
cmj_00452,cert_0056,major_qnet_2221,True
cmj_00453,cert_0056,major_qnet_3889,True
cmj_00454,cert_0061,major_qnet_7128,True
cmj_00455,cert_0061,major_qnet_3805,True
cmj_00456,cert_0061,major_qnet_2221,True
cmj_00457,cert_0061,major_qnet_3889,True
cmj_00458,cert_0060,major_qnet_7128,True
cmj_00459,cert_0060,major_qnet_3805,True
cmj_00460,cert_0060,major_qnet_2221,True
cmj_00461,cert_0060,major_qnet_3889,True
cmj_00462,cert_0077,major_qnet_7128,True
cmj_00463,cert_0077,major_qnet_3805,True
cmj_00464,cert_0077,major_qnet_2221,True
cmj_00465,cert_0077,major_qnet_3889,True
cmj_00466,cert_0058,major_qnet_7128,True
cmj_00467,cert_0058,major_qnet_3805,True
cmj_00468,cert_0058,major_qnet_2221,True
cmj_00469,cert_0058,major_qnet_3889,True
cmj_00470,cert_0057,major_qnet_7128,True
cmj_00471,cert_0057,major_qnet_3805,True
cmj_00472,cert_0057,major_qnet_2221,True
cmj_00473,cert_0057,major_qnet_3889,True
cmj_00474,cert_0069,major_qnet_7128,True
cmj_00475,cert_0069,major_qnet_3805,True
cmj_00476,cert_0069,major_qnet_2221,True
cmj_00477,cert_0069,major_qnet_3889,True
cmj_00478,cert_0081,major_qnet_7128,True
cmj_00479,cert_0081,major_qnet_3805,True
cmj_00480,cert_0081,major_qnet_2221,True
cmj_00481,cert_0081,major_qnet_3889,True
cmj_00482,cert_0084,major_qnet_7128,True
cmj_00483,cert_0084,major_qnet_3805,True
cmj_00484,cert_0084,major_qnet_2221,True
cmj_00485,cert_0084,major_qnet_3889,True
cmj_00486,cert_0082,major_qnet_7128,True
cmj_00487,cert_0082,major_qnet_3805,True
cmj_00488,cert_0082,major_qnet_2221,True
cmj_00489,cert_0082,major_qnet_3889,True
cmj_00490,cert_0085,major_qnet_7128,True
cmj_00491,cert_0085,major_qnet_3805,True
cmj_00492,cert_0085,major_qnet_2221,True
cmj_00493,cert_0085,major_qnet_3889,True
cmj_00494,cert_0089,major_qnet_7128,True
cmj_00495,cert_0089,major_qnet_3805,True
cmj_00496,cert_0089,major_qnet_2221,True
cmj_00497,cert_0089,major_qnet_3889,True
cmj_00498,cert_0376,major_qnet_7128,True
cmj_00499,cert_0376,major_qnet_3805,True
cmj_00500,cert_0376,major_qnet_2221,True
cmj_00501,cert_0376,major_qnet_3889,True
cmj_00502,cert_0377,major_qnet_7128,True
cmj_00503,cert_0377,major_qnet_3805,True
cmj_00504,cert_0377,major_qnet_2221,True
cmj_00505,cert_0377,major_qnet_3889,True
cmj_00506,cert_0384,major_qnet_7128,True
cmj_00507,cert_0384,major_qnet_3805,True
cmj_00508,cert_0384,major_qnet_2221,True
cmj_00509,cert_0384,major_qnet_3889,True
cmj_00510,cert_0355,major_qnet_7128,True
cmj_00511,cert_0355,major_qnet_3805,True
cmj_00512,cert_0355,major_qnet_2221,True
cmj_00513,cert_0355,major_qnet_3889,True
cmj_00514,cert_0359,major_qnet_7128,True
cmj_00515,cert_0359,major_qnet_3805,True
cmj_00516,cert_0359,major_qnet_2221,True
cmj_00517,cert_0359,major_qnet_3889,True
cmj_00518,cert_0374,major_qnet_7128,True
cmj_00519,cert_0374,major_qnet_3805,True
cmj_00520,cert_0374,major_qnet_2221,True
cmj_00521,cert_0374,major_qnet_3889,True
cmj_00522,cert_0385,major_qnet_7128,True
cmj_00523,cert_0385,major_qnet_3805,True
cmj_00524,cert_0385,major_qnet_2221,True
cmj_00525,cert_0385,major_qnet_3889,True
cmj_00526,cert_0185,major_qnet_7128,True
cmj_00527,cert_0185,major_qnet_3805,True
cmj_00528,cert_0185,major_qnet_2221,True
cmj_00529,cert_0185,major_qnet_3889,True
cmj_00530,cert_0186,major_qnet_7128,True
cmj_00531,cert_0186,major_qnet_3805,True
cmj_00532,cert_0186,major_qnet_2221,True
cmj_00533,cert_0186,major_qnet_3889,True
cmj_00534,cert_0129,major_qnet_7128,True
cmj_00535,cert_0129,major_qnet_3805,True
cmj_00536,cert_0129,major_qnet_2221,True
cmj_00537,cert_0129,major_qnet_3889,True
cmj_00538,cert_0128,major_qnet_7128,True
cmj_00539,cert_0128,major_qnet_3805,True
cmj_00540,cert_0128,major_qnet_2221,True
cmj_00541,cert_0128,major_qnet_3889,True
cmj_00542,cert_0198,major_qnet_7128,True
cmj_00543,cert_0198,major_qnet_3805,True
cmj_00544,cert_0198,major_qnet_2221,True
cmj_00545,cert_0198,major_qnet_3889,True
cmj_00546,cert_0142,major_qnet_7128,True
cmj_00547,cert_0142,major_qnet_3805,True
cmj_00548,cert_0142,major_qnet_2221,True
cmj_00549,cert_0142,major_qnet_3889,True
cmj_00550,cert_0164,major_qnet_7128,True
cmj_00551,cert_0164,major_qnet_3805,True
cmj_00552,cert_0164,major_qnet_2221,True
cmj_00553,cert_0164,major_qnet_3889,True
cmj_00554,cert_0200,major_qnet_7128,True
cmj_00555,cert_0200,major_qnet_3805,True
cmj_00556,cert_0200,major_qnet_2221,True
cmj_00557,cert_0200,major_qnet_3889,True
cmj_00558,cert_0141,major_qnet_7128,True
cmj_00559,cert_0141,major_qnet_3805,True
cmj_00560,cert_0141,major_qnet_2221,True
cmj_00561,cert_0141,major_qnet_3889,True
cmj_00562,cert_0101,major_qnet_7128,True
cmj_00563,cert_0101,major_qnet_3805,True
cmj_00564,cert_0101,major_qnet_2221,True
cmj_00565,cert_0101,major_qnet_3889,True
cmj_00566,cert_0139,major_qnet_7128,True
cmj_00567,cert_0139,major_qnet_3805,True
cmj_00568,cert_0139,major_qnet_2221,True
cmj_00569,cert_0139,major_qnet_3889,True
cmj_00570,cert_0146,major_qnet_7128,True
cmj_00571,cert_0146,major_qnet_3805,True
cmj_00572,cert_0146,major_qnet_2221,True
cmj_00573,cert_0146,major_qnet_3889,True
cmj_00574,cert_0145,major_qnet_7128,True
cmj_00575,cert_0145,major_qnet_3805,True
cmj_00576,cert_0145,major_qnet_2221,True
cmj_00577,cert_0145,major_qnet_3889,True
cmj_00578,cert_0144,major_qnet_7128,True
cmj_00579,cert_0144,major_qnet_3805,True
cmj_00580,cert_0144,major_qnet_2221,True
cmj_00581,cert_0144,major_qnet_3889,True
cmj_00582,cert_0140,major_qnet_7128,True
cmj_00583,cert_0140,major_qnet_3805,True
cmj_00584,cert_0140,major_qnet_2221,True
cmj_00585,cert_0140,major_qnet_3889,True
cmj_00586,cert_0199,major_qnet_7128,True
cmj_00587,cert_0199,major_qnet_3805,True
cmj_00588,cert_0199,major_qnet_2221,True
cmj_00589,cert_0199,major_qnet_3889,True
cmj_00590,cert_0138,major_qnet_7128,True
cmj_00591,cert_0138,major_qnet_3805,True
cmj_00592,cert_0138,major_qnet_2221,True
cmj_00593,cert_0138,major_qnet_3889,True
cmj_00594,cert_0100,major_qnet_7128,True
cmj_00595,cert_0100,major_qnet_3805,True
cmj_00596,cert_0100,major_qnet_2221,True
cmj_00597,cert_0100,major_qnet_3889,True
cmj_00598,cert_0102,major_qnet_7128,True
cmj_00599,cert_0102,major_qnet_3805,True
cmj_00600,cert_0102,major_qnet_2221,True
cmj_00601,cert_0102,major_qnet_3889,True
cmj_00602,cert_0103,major_qnet_7128,True
cmj_00603,cert_0103,major_qnet_3805,True
cmj_00604,cert_0103,major_qnet_2221,True
cmj_00605,cert_0103,major_qnet_3889,True
cmj_00606,cert_0165,major_qnet_7128,True
cmj_00607,cert_0165,major_qnet_3805,True
cmj_00608,cert_0165,major_qnet_2221,True
cmj_00609,cert_0165,major_qnet_3889,True
cmj_00610,cert_0113,major_qnet_7128,True
cmj_00611,cert_0113,major_qnet_3805,True
cmj_00612,cert_0113,major_qnet_2221,True
cmj_00613,cert_0113,major_qnet_3889,True
cmj_00614,cert_0159,major_qnet_7128,True
cmj_00615,cert_0159,major_qnet_3805,True
cmj_00616,cert_0159,major_qnet_2221,True
cmj_00617,cert_0159,major_qnet_3889,True
cmj_00618,cert_0118,major_qnet_7128,True
cmj_00619,cert_0118,major_qnet_3805,True
cmj_00620,cert_0118,major_qnet_2221,True
cmj_00621,cert_0118,major_qnet_3889,True
cmj_00622,cert_0119,major_qnet_7128,True
cmj_00623,cert_0119,major_qnet_3805,True
cmj_00624,cert_0119,major_qnet_2221,True
cmj_00625,cert_0119,major_qnet_3889,True
cmj_00626,cert_0120,major_qnet_7128,True
cmj_00627,cert_0120,major_qnet_3805,True
cmj_00628,cert_0120,major_qnet_2221,True
cmj_00629,cert_0120,major_qnet_3889,True
cmj_00630,cert_0115,major_qnet_7128,True
cmj_00631,cert_0115,major_qnet_3805,True
cmj_00632,cert_0115,major_qnet_2221,True
cmj_00633,cert_0115,major_qnet_3889,True
cmj_00634,cert_0110,major_qnet_7128,True
cmj_00635,cert_0110,major_qnet_3805,True
cmj_00636,cert_0110,major_qnet_2221,True
cmj_00637,cert_0110,major_qnet_3889,True
cmj_00638,cert_0923,major_qnet_7128,True
cmj_00639,cert_0923,major_qnet_3805,True
cmj_00640,cert_0923,major_qnet_2221,True
cmj_00641,cert_0923,major_qnet_3889,True
cmj_00642,cert_0135,major_qnet_7128,True
cmj_00643,cert_0135,major_qnet_3805,True
cmj_00644,cert_0135,major_qnet_2221,True
cmj_00645,cert_0135,major_qnet_3889,True
cmj_00646,cert_0905,major_qnet_7128,True
cmj_00647,cert_0905,major_qnet_3805,True
cmj_00648,cert_0905,major_qnet_2221,True
cmj_00649,cert_0905,major_qnet_3889,True
cmj_00650,cert_0123,major_qnet_7128,True
cmj_00651,cert_0123,major_qnet_3805,True
cmj_00652,cert_0123,major_qnet_2221,True
cmj_00653,cert_0123,major_qnet_3889,True
cmj_00654,cert_0902,major_qnet_7128,True
cmj_00655,cert_0902,major_qnet_3805,True
cmj_00656,cert_0902,major_qnet_2221,True
cmj_00657,cert_0902,major_qnet_3889,True
cmj_00658,cert_0121,major_qnet_7128,True
cmj_00659,cert_0121,major_qnet_3805,True
cmj_00660,cert_0121,major_qnet_2221,True
cmj_00661,cert_0121,major_qnet_3889,True
cmj_00662,cert_0148,major_qnet_7128,True
cmj_00663,cert_0148,major_qnet_3805,True
cmj_00664,cert_0148,major_qnet_2221,True
cmj_00665,cert_0148,major_qnet_3889,True
cmj_00666,cert_0147,major_qnet_7128,True
cmj_00667,cert_0147,major_qnet_3805,True
cmj_00668,cert_0147,major_qnet_2221,True
cmj_00669,cert_0147,major_qnet_3889,True
cmj_00670,cert_0155,major_qnet_7128,True
cmj_00671,cert_0155,major_qnet_3805,True
cmj_00672,cert_0155,major_qnet_2221,True
cmj_00673,cert_0155,major_qnet_3889,True
cmj_00674,cert_0206,major_qnet_7128,True
cmj_00675,cert_0206,major_qnet_3805,True
cmj_00676,cert_0206,major_qnet_2221,True
cmj_00677,cert_0206,major_qnet_3889,True
cmj_00678,cert_0207,major_qnet_7128,True
cmj_00679,cert_0207,major_qnet_3805,True
cmj_00680,cert_0207,major_qnet_2221,True
cmj_00681,cert_0207,major_qnet_3889,True
cmj_00682,cert_0205,major_qnet_7128,True
cmj_00683,cert_0205,major_qnet_3805,True
cmj_00684,cert_0205,major_qnet_2221,True
cmj_00685,cert_0205,major_qnet_3889,True
cmj_00686,cert_0149,major_qnet_7128,True
cmj_00687,cert_0149,major_qnet_3805,True
cmj_00688,cert_0149,major_qnet_2221,True
cmj_00689,cert_0149,major_qnet_3889,True
cmj_00690,cert_0151,major_qnet_7128,True
cmj_00691,cert_0151,major_qnet_3805,True
cmj_00692,cert_0151,major_qnet_2221,True
cmj_00693,cert_0151,major_qnet_3889,True
cmj_00694,cert_0183,major_qnet_7128,True
cmj_00695,cert_0183,major_qnet_3805,True
cmj_00696,cert_0183,major_qnet_2221,True
cmj_00697,cert_0183,major_qnet_3889,True
cmj_00698,cert_0178,major_qnet_7128,True
cmj_00699,cert_0178,major_qnet_3805,True
cmj_00700,cert_0178,major_qnet_2221,True
cmj_00701,cert_0178,major_qnet_3889,True
cmj_00702,cert_0182,major_qnet_7128,True
cmj_00703,cert_0182,major_qnet_3805,True
cmj_00704,cert_0182,major_qnet_2221,True
cmj_00705,cert_0182,major_qnet_3889,True
cmj_00706,cert_0180,major_qnet_7128,True
cmj_00707,cert_0180,major_qnet_3805,True
cmj_00708,cert_0180,major_qnet_2221,True
cmj_00709,cert_0180,major_qnet_3889,True
cmj_00710,cert_0179,major_qnet_7128,True
cmj_00711,cert_0179,major_qnet_3805,True
cmj_00712,cert_0179,major_qnet_2221,True
cmj_00713,cert_0179,major_qnet_3889,True
cmj_00714,cert_0181,major_qnet_7128,True
cmj_00715,cert_0181,major_qnet_3805,True
cmj_00716,cert_0181,major_qnet_2221,True
cmj_00717,cert_0181,major_qnet_3889,True
cmj_00718,cert_0190,major_qnet_7128,True
cmj_00719,cert_0190,major_qnet_3805,True
cmj_00720,cert_0190,major_qnet_2221,True
cmj_00721,cert_0190,major_qnet_3889,True
cmj_00722,cert_0192,major_qnet_7128,True
cmj_00723,cert_0192,major_qnet_3805,True
cmj_00724,cert_0192,major_qnet_2221,True
cmj_00725,cert_0192,major_qnet_3889,True
cmj_00726,cert_0191,major_qnet_7128,True
cmj_00727,cert_0191,major_qnet_3805,True
cmj_00728,cert_0191,major_qnet_2221,True
cmj_00729,cert_0191,major_qnet_3889,True
cmj_00730,cert_0210,major_qnet_7128,True
cmj_00731,cert_0210,major_qnet_3805,True
cmj_00732,cert_0210,major_qnet_2221,True
cmj_00733,cert_0210,major_qnet_3889,True
cmj_00734,cert_0211,major_qnet_7128,True
cmj_00735,cert_0211,major_qnet_3805,True
cmj_00736,cert_0211,major_qnet_2221,True
cmj_00737,cert_0211,major_qnet_3889,True
cmj_00738,cert_0098,major_qnet_7128,True
cmj_00739,cert_0098,major_qnet_3805,True
cmj_00740,cert_0098,major_qnet_2221,True
cmj_00741,cert_0098,major_qnet_3889,True
cmj_00742,cert_0109,major_qnet_7128,True
cmj_00743,cert_0109,major_qnet_3805,True
cmj_00744,cert_0109,major_qnet_2221,True
cmj_00745,cert_0109,major_qnet_3889,True
cmj_00746,cert_0309,major_qnet_7128,True
cmj_00747,cert_0309,major_qnet_3805,True
cmj_00748,cert_0309,major_qnet_2221,True
cmj_00749,cert_0309,major_qnet_3889,True
cmj_00750,cert_0266,major_qnet_7128,True
cmj_00751,cert_0266,major_qnet_3805,True
cmj_00752,cert_0266,major_qnet_2221,True
cmj_00753,cert_0266,major_qnet_3889,True
cmj_00754,cert_0310,major_qnet_7128,True
cmj_00755,cert_0310,major_qnet_3805,True
cmj_00756,cert_0310,major_qnet_2221,True
cmj_00757,cert_0310,major_qnet_3889,True
cmj_00758,cert_0265,major_qnet_7128,True
cmj_00759,cert_0265,major_qnet_3805,True
cmj_00760,cert_0265,major_qnet_2221,True
cmj_00761,cert_0265,major_qnet_3889,True
cmj_00762,cert_0332,major_qnet_7128,True
cmj_00763,cert_0332,major_qnet_3805,True
cmj_00764,cert_0332,major_qnet_2221,True
cmj_00765,cert_0332,major_qnet_3889,True
cmj_00766,cert_0277,major_qnet_7128,True
cmj_00767,cert_0277,major_qnet_3805,True
cmj_00768,cert_0277,major_qnet_2221,True
cmj_00769,cert_0277,major_qnet_3889,True
cmj_00770,cert_0264,major_qnet_7128,True
cmj_00771,cert_0264,major_qnet_3805,True
cmj_00772,cert_0264,major_qnet_2221,True
cmj_00773,cert_0264,major_qnet_3889,True
cmj_00774,cert_0323,major_qnet_7128,True
cmj_00775,cert_0323,major_qnet_3805,True
cmj_00776,cert_0323,major_qnet_2221,True
cmj_00777,cert_0323,major_qnet_3889,True
cmj_00778,cert_0308,major_qnet_7128,True
cmj_00779,cert_0308,major_qnet_3805,True
cmj_00780,cert_0308,major_qnet_2221,True
cmj_00781,cert_0308,major_qnet_3889,True
cmj_00782,cert_0285,major_qnet_7128,True
cmj_00783,cert_0285,major_qnet_3805,True
cmj_00784,cert_0285,major_qnet_2221,True
cmj_00785,cert_0285,major_qnet_3889,True
cmj_00786,cert_0283,major_qnet_7128,True
cmj_00787,cert_0283,major_qnet_3805,True
cmj_00788,cert_0283,major_qnet_2221,True
cmj_00789,cert_0283,major_qnet_3889,True
cmj_00790,cert_0232,major_qnet_7128,True
cmj_00791,cert_0232,major_qnet_3805,True
cmj_00792,cert_0232,major_qnet_2221,True
cmj_00793,cert_0232,major_qnet_3889,True
cmj_00794,cert_0287,major_qnet_7128,True
cmj_00795,cert_0287,major_qnet_3805,True
cmj_00796,cert_0287,major_qnet_2221,True
cmj_00797,cert_0287,major_qnet_3889,True
cmj_00798,cert_0286,major_qnet_7128,True
cmj_00799,cert_0286,major_qnet_3805,True
cmj_00800,cert_0286,major_qnet_2221,True
cmj_00801,cert_0286,major_qnet_3889,True
cmj_00802,cert_0284,major_qnet_7128,True
cmj_00803,cert_0284,major_qnet_3805,True
cmj_00804,cert_0284,major_qnet_2221,True
cmj_00805,cert_0284,major_qnet_3889,True
cmj_00806,cert_0282,major_qnet_7128,True
cmj_00807,cert_0282,major_qnet_3805,True
cmj_00808,cert_0282,major_qnet_2221,True
cmj_00809,cert_0282,major_qnet_3889,True
cmj_00810,cert_0334,major_qnet_7128,True
cmj_00811,cert_0334,major_qnet_3805,True
cmj_00812,cert_0334,major_qnet_2221,True
cmj_00813,cert_0334,major_qnet_3889,True
cmj_00814,cert_0229,major_qnet_7128,True
cmj_00815,cert_0229,major_qnet_3805,True
cmj_00816,cert_0229,major_qnet_2221,True
cmj_00817,cert_0229,major_qnet_3889,True
cmj_00818,cert_0228,major_qnet_7128,True
cmj_00819,cert_0228,major_qnet_3805,True
cmj_00820,cert_0228,major_qnet_2221,True
cmj_00821,cert_0228,major_qnet_3889,True
cmj_00822,cert_0233,major_qnet_7128,True
cmj_00823,cert_0233,major_qnet_3805,True
cmj_00824,cert_0233,major_qnet_2221,True
cmj_00825,cert_0233,major_qnet_3889,True
cmj_00826,cert_0234,major_qnet_7128,True
cmj_00827,cert_0234,major_qnet_3805,True
cmj_00828,cert_0234,major_qnet_2221,True
cmj_00829,cert_0234,major_qnet_3889,True
cmj_00830,cert_0291,major_qnet_7128,True
cmj_00831,cert_0291,major_qnet_3805,True
cmj_00832,cert_0291,major_qnet_2221,True
cmj_00833,cert_0291,major_qnet_3889,True
cmj_00834,cert_0250,major_qnet_7128,True
cmj_00835,cert_0250,major_qnet_3805,True
cmj_00836,cert_0250,major_qnet_2221,True
cmj_00837,cert_0250,major_qnet_3889,True
cmj_00838,cert_0242,major_qnet_7128,True
cmj_00839,cert_0242,major_qnet_3805,True
cmj_00840,cert_0242,major_qnet_2221,True
cmj_00841,cert_0242,major_qnet_3889,True
cmj_00842,cert_0254,major_qnet_7128,True
cmj_00843,cert_0254,major_qnet_3805,True
cmj_00844,cert_0254,major_qnet_2221,True
cmj_00845,cert_0254,major_qnet_3889,True
cmj_00846,cert_0257,major_qnet_7128,True
cmj_00847,cert_0257,major_qnet_3805,True
cmj_00848,cert_0257,major_qnet_2221,True
cmj_00849,cert_0257,major_qnet_3889,True
cmj_00850,cert_0278,major_qnet_7128,True
cmj_00851,cert_0278,major_qnet_3805,True
cmj_00852,cert_0278,major_qnet_2221,True
cmj_00853,cert_0278,major_qnet_3889,True
cmj_00854,cert_0903,major_qnet_7128,True
cmj_00855,cert_0903,major_qnet_3805,True
cmj_00856,cert_0903,major_qnet_2221,True
cmj_00857,cert_0903,major_qnet_3889,True
cmj_00858,cert_0261,major_qnet_7128,True
cmj_00859,cert_0261,major_qnet_3805,True
cmj_00860,cert_0261,major_qnet_2221,True
cmj_00861,cert_0261,major_qnet_3889,True
cmj_00862,cert_1093,major_qnet_7128,True
cmj_00863,cert_1093,major_qnet_3805,True
cmj_00864,cert_1093,major_qnet_2221,True
cmj_00865,cert_1093,major_qnet_3889,True
cmj_00866,cert_0258,major_qnet_7128,True
cmj_00867,cert_0258,major_qnet_3805,True
cmj_00868,cert_0258,major_qnet_2221,True
cmj_00869,cert_0258,major_qnet_3889,True
cmj_00870,cert_0289,major_qnet_7128,True
cmj_00871,cert_0289,major_qnet_3805,True
cmj_00872,cert_0289,major_qnet_2221,True
cmj_00873,cert_0289,major_qnet_3889,True
cmj_00874,cert_0288,major_qnet_7128,True
cmj_00875,cert_0288,major_qnet_3805,True
cmj_00876,cert_0288,major_qnet_2221,True
cmj_00877,cert_0288,major_qnet_3889,True
cmj_00878,cert_0301,major_qnet_7128,True
cmj_00879,cert_0301,major_qnet_3805,True
cmj_00880,cert_0301,major_qnet_2221,True
cmj_00881,cert_0301,major_qnet_3889,True
cmj_00882,cert_0340,major_qnet_7128,True
cmj_00883,cert_0340,major_qnet_3805,True
cmj_00884,cert_0340,major_qnet_2221,True
cmj_00885,cert_0340,major_qnet_3889,True
cmj_00886,cert_0341,major_qnet_7128,True
cmj_00887,cert_0341,major_qnet_3805,True
cmj_00888,cert_0341,major_qnet_2221,True
cmj_00889,cert_0341,major_qnet_3889,True
cmj_00890,cert_0297,major_qnet_7128,True
cmj_00891,cert_0297,major_qnet_3805,True
cmj_00892,cert_0297,major_qnet_2221,True
cmj_00893,cert_0297,major_qnet_3889,True
cmj_00894,cert_0325,major_qnet_7128,True
cmj_00895,cert_0325,major_qnet_3805,True
cmj_00896,cert_0325,major_qnet_2221,True
cmj_00897,cert_0325,major_qnet_3889,True
cmj_00898,cert_0327,major_qnet_7128,True
cmj_00899,cert_0327,major_qnet_3805,True
cmj_00900,cert_0327,major_qnet_2221,True
cmj_00901,cert_0327,major_qnet_3889,True
cmj_00902,cert_0326,major_qnet_7128,True
cmj_00903,cert_0326,major_qnet_3805,True
cmj_00904,cert_0326,major_qnet_2221,True
cmj_00905,cert_0326,major_qnet_3889,True
cmj_00906,cert_0328,major_qnet_7128,True
cmj_00907,cert_0328,major_qnet_3805,True
cmj_00908,cert_0328,major_qnet_2221,True
cmj_00909,cert_0328,major_qnet_3889,True
cmj_00910,cert_0316,major_qnet_7128,True
cmj_00911,cert_0316,major_qnet_3805,True
cmj_00912,cert_0316,major_qnet_2221,True
cmj_00913,cert_0316,major_qnet_3889,True
cmj_00914,cert_0318,major_qnet_7128,True
cmj_00915,cert_0318,major_qnet_3805,True
cmj_00916,cert_0318,major_qnet_2221,True
cmj_00917,cert_0318,major_qnet_3889,True
cmj_00918,cert_0317,major_qnet_7128,True
cmj_00919,cert_0317,major_qnet_3805,True
cmj_00920,cert_0317,major_qnet_2221,True
cmj_00921,cert_0317,major_qnet_3889,True
cmj_00922,cert_0343,major_qnet_7128,True
cmj_00923,cert_0343,major_qnet_3805,True
cmj_00924,cert_0343,major_qnet_2221,True
cmj_00925,cert_0343,major_qnet_3889,True
cmj_00926,cert_0244,major_qnet_7128,True
cmj_00927,cert_0244,major_qnet_3805,True
cmj_00928,cert_0244,major_qnet_2221,True
cmj_00929,cert_0244,major_qnet_3889,True
cmj_00930,cert_0576,major_qnet_7128,True
cmj_00931,cert_0576,major_qnet_3805,True
cmj_00932,cert_0576,major_qnet_2221,True
cmj_00933,cert_0576,major_qnet_3889,True
cmj_00934,cert_0572,major_qnet_7128,True
cmj_00935,cert_0572,major_qnet_3805,True
cmj_00936,cert_0572,major_qnet_2221,True
cmj_00937,cert_0572,major_qnet_3889,True
cmj_00938,cert_0569,major_qnet_7128,True
cmj_00939,cert_0569,major_qnet_3805,True
cmj_00940,cert_0569,major_qnet_2221,True
cmj_00941,cert_0569,major_qnet_3889,True
cmj_00942,cert_0577,major_qnet_7128,True
cmj_00943,cert_0577,major_qnet_3805,True
cmj_00944,cert_0577,major_qnet_2221,True
cmj_00945,cert_0577,major_qnet_3889,True
cmj_00946,cert_0566,major_qnet_7128,True
cmj_00947,cert_0566,major_qnet_3805,True
cmj_00948,cert_0566,major_qnet_2221,True
cmj_00949,cert_0566,major_qnet_3889,True
cmj_00950,cert_0558,major_qnet_7128,True
cmj_00951,cert_0558,major_qnet_3805,True
cmj_00952,cert_0558,major_qnet_2221,True
cmj_00953,cert_0558,major_qnet_3889,True
cmj_00954,cert_0568,major_qnet_7128,True
cmj_00955,cert_0568,major_qnet_3805,True
cmj_00956,cert_0568,major_qnet_2221,True
cmj_00957,cert_0568,major_qnet_3889,True
cmj_00958,cert_0574,major_qnet_7128,True
cmj_00959,cert_0574,major_qnet_3805,True
cmj_00960,cert_0574,major_qnet_2221,True
cmj_00961,cert_0574,major_qnet_3889,True
cmj_00962,cert_0575,major_qnet_7128,True
cmj_00963,cert_0575,major_qnet_3805,True
cmj_00964,cert_0575,major_qnet_2221,True
cmj_00965,cert_0575,major_qnet_3889,True
cmj_00966,cert_0573,major_qnet_7128,True
cmj_00967,cert_0573,major_qnet_3805,True
cmj_00968,cert_0573,major_qnet_2221,True
cmj_00969,cert_0573,major_qnet_3889,True
cmj_00970,cert_0561,major_qnet_7128,True
cmj_00971,cert_0561,major_qnet_3805,True
cmj_00972,cert_0561,major_qnet_2221,True
cmj_00973,cert_0561,major_qnet_3889,True
cmj_00974,cert_0563,major_qnet_7128,True
cmj_00975,cert_0563,major_qnet_3805,True
cmj_00976,cert_0563,major_qnet_2221,True
cmj_00977,cert_0563,major_qnet_3889,True
cmj_00978,cert_0578,major_qnet_7128,True
cmj_00979,cert_0578,major_qnet_3805,True
cmj_00980,cert_0578,major_qnet_2221,True
cmj_00981,cert_0578,major_qnet_3889,True
cmj_00982,cert_0570,major_qnet_7128,True
cmj_00983,cert_0570,major_qnet_3805,True
cmj_00984,cert_0570,major_qnet_2221,True
cmj_00985,cert_0570,major_qnet_3889,True
cmj_00986,cert_0619,major_qnet_7128,True
cmj_00987,cert_0619,major_qnet_3805,True
cmj_00988,cert_0619,major_qnet_2221,True
cmj_00989,cert_0619,major_qnet_3889,True
cmj_00990,cert_0555,major_qnet_7128,True
cmj_00991,cert_0555,major_qnet_3805,True
cmj_00992,cert_0555,major_qnet_2221,True
cmj_00993,cert_0555,major_qnet_3889,True
cmj_00994,cert_0608,major_qnet_7128,True
cmj_00995,cert_0608,major_qnet_3805,True
cmj_00996,cert_0608,major_qnet_2221,True
cmj_00997,cert_0608,major_qnet_3889,True
cmj_00998,cert_0562,major_qnet_7128,True
cmj_00999,cert_0562,major_qnet_3805,True
cmj_01000,cert_0562,major_qnet_2221,True
cmj_01001,cert_0562,major_qnet_3889,True
cmj_01002,cert_0621,major_qnet_7128,True
cmj_01003,cert_0621,major_qnet_3805,True
cmj_01004,cert_0621,major_qnet_2221,True
cmj_01005,cert_0621,major_qnet_3889,True
cmj_01006,cert_0618,major_qnet_7128,True
cmj_01007,cert_0618,major_qnet_3805,True
cmj_01008,cert_0618,major_qnet_2221,True
cmj_01009,cert_0618,major_qnet_3889,True
cmj_01010,cert_0556,major_qnet_7128,True
cmj_01011,cert_0556,major_qnet_3805,True
cmj_01012,cert_0556,major_qnet_2221,True
cmj_01013,cert_0556,major_qnet_3889,True
cmj_01014,cert_0553,major_qnet_7128,True
cmj_01015,cert_0553,major_qnet_3805,True
cmj_01016,cert_0553,major_qnet_2221,True
cmj_01017,cert_0553,major_qnet_3889,True
cmj_01018,cert_0557,major_qnet_7128,True
cmj_01019,cert_0557,major_qnet_3805,True
cmj_01020,cert_0557,major_qnet_2221,True
cmj_01021,cert_0557,major_qnet_3889,True
cmj_01022,cert_0620,major_qnet_7128,True
cmj_01023,cert_0620,major_qnet_3805,True
cmj_01024,cert_0620,major_qnet_2221,True
cmj_01025,cert_0620,major_qnet_3889,True
cmj_01026,cert_0497,major_qnet_7128,True
cmj_01027,cert_0497,major_qnet_3805,True
cmj_01028,cert_0497,major_qnet_2221,True
cmj_01029,cert_0497,major_qnet_3889,True
cmj_01030,cert_0554,major_qnet_7128,True
cmj_01031,cert_0554,major_qnet_3805,True
cmj_01032,cert_0554,major_qnet_2221,True
cmj_01033,cert_0554,major_qnet_3889,True
cmj_01034,cert_0666,major_qnet_7128,True
cmj_01035,cert_0666,major_qnet_3805,True
cmj_01036,cert_0666,major_qnet_2221,True
cmj_01037,cert_0666,major_qnet_3889,True
cmj_01038,cert_0480,major_qnet_7128,True
cmj_01039,cert_0480,major_qnet_3805,True
cmj_01040,cert_0480,major_qnet_2221,True
cmj_01041,cert_0480,major_qnet_3889,True
cmj_01042,cert_0682,major_qnet_7128,True
cmj_01043,cert_0682,major_qnet_3805,True
cmj_01044,cert_0682,major_qnet_2221,True
cmj_01045,cert_0682,major_qnet_3889,True
cmj_01046,cert_0654,major_qnet_7128,True
cmj_01047,cert_0654,major_qnet_3805,True
cmj_01048,cert_0654,major_qnet_2221,True
cmj_01049,cert_0654,major_qnet_3889,True
cmj_01050,cert_0646,major_qnet_7128,True
cmj_01051,cert_0646,major_qnet_3805,True
cmj_01052,cert_0646,major_qnet_2221,True
cmj_01053,cert_0646,major_qnet_3889,True
cmj_01054,cert_0645,major_qnet_7128,True
cmj_01055,cert_0645,major_qnet_3805,True
cmj_01056,cert_0645,major_qnet_2221,True
cmj_01057,cert_0645,major_qnet_3889,True
cmj_01058,cert_0649,major_qnet_7128,True
cmj_01059,cert_0649,major_qnet_3805,True
cmj_01060,cert_0649,major_qnet_2221,True
cmj_01061,cert_0649,major_qnet_3889,True
cmj_01062,cert_0652,major_qnet_7128,True
cmj_01063,cert_0652,major_qnet_3805,True
cmj_01064,cert_0652,major_qnet_2221,True
cmj_01065,cert_0652,major_qnet_3889,True
cmj_01066,cert_0647,major_qnet_7128,True
cmj_01067,cert_0647,major_qnet_3805,True
cmj_01068,cert_0647,major_qnet_2221,True
cmj_01069,cert_0647,major_qnet_3889,True
cmj_01070,cert_0648,major_qnet_7128,True
cmj_01071,cert_0648,major_qnet_3805,True
cmj_01072,cert_0648,major_qnet_2221,True
cmj_01073,cert_0648,major_qnet_3889,True
cmj_01074,cert_0643,major_qnet_7128,True
cmj_01075,cert_0643,major_qnet_3805,True
cmj_01076,cert_0643,major_qnet_2221,True
cmj_01077,cert_0643,major_qnet_3889,True
cmj_01078,cert_0600,major_qnet_7128,True
cmj_01079,cert_0600,major_qnet_3805,True
cmj_01080,cert_0600,major_qnet_2221,True
cmj_01081,cert_0600,major_qnet_3889,True
cmj_01082,cert_0492,major_qnet_7128,True
cmj_01083,cert_0492,major_qnet_3805,True
cmj_01084,cert_0492,major_qnet_2221,True
cmj_01085,cert_0492,major_qnet_3889,True
cmj_01086,cert_0472,major_qnet_7128,True
cmj_01087,cert_0472,major_qnet_3805,True
cmj_01088,cert_0472,major_qnet_2221,True
cmj_01089,cert_0472,major_qnet_3889,True
cmj_01090,cert_0686,major_qnet_7128,True
cmj_01091,cert_0686,major_qnet_3805,True
cmj_01092,cert_0686,major_qnet_2221,True
cmj_01093,cert_0686,major_qnet_3889,True
cmj_01094,cert_0632,major_qnet_7128,True
cmj_01095,cert_0632,major_qnet_3805,True
cmj_01096,cert_0632,major_qnet_2221,True
cmj_01097,cert_0632,major_qnet_3889,True
cmj_01098,cert_0533,major_qnet_7128,True
cmj_01099,cert_0533,major_qnet_3805,True
cmj_01100,cert_0533,major_qnet_2221,True
cmj_01101,cert_0533,major_qnet_3889,True
cmj_01102,cert_0633,major_qnet_7128,True
cmj_01103,cert_0633,major_qnet_3805,True
cmj_01104,cert_0633,major_qnet_2221,True
cmj_01105,cert_0633,major_qnet_3889,True
cmj_01106,cert_0547,major_qnet_7128,True
cmj_01107,cert_0547,major_qnet_3805,True
cmj_01108,cert_0547,major_qnet_2221,True
cmj_01109,cert_0547,major_qnet_3889,True
cmj_01110,cert_0906,major_qnet_7128,True
cmj_01111,cert_0906,major_qnet_3805,True
cmj_01112,cert_0906,major_qnet_2221,True
cmj_01113,cert_0906,major_qnet_3889,True
cmj_01114,cert_0546,major_qnet_7128,True
cmj_01115,cert_0546,major_qnet_3805,True
cmj_01116,cert_0546,major_qnet_2221,True
cmj_01117,cert_0546,major_qnet_3889,True
cmj_01118,cert_1290,major_qnet_7128,True
cmj_01119,cert_1290,major_qnet_3805,True
cmj_01120,cert_1290,major_qnet_2221,True
cmj_01121,cert_1290,major_qnet_3889,True
cmj_01122,cert_0593,major_qnet_7128,True
cmj_01123,cert_0593,major_qnet_3805,True
cmj_01124,cert_0593,major_qnet_2221,True
cmj_01125,cert_0593,major_qnet_3889,True
cmj_01126,cert_0595,major_qnet_7128,True
cmj_01127,cert_0595,major_qnet_3805,True
cmj_01128,cert_0595,major_qnet_2221,True
cmj_01129,cert_0595,major_qnet_3889,True
cmj_01130,cert_0594,major_qnet_7128,True
cmj_01131,cert_0594,major_qnet_3805,True
cmj_01132,cert_0594,major_qnet_2221,True
cmj_01133,cert_0594,major_qnet_3889,True
cmj_01134,cert_0596,major_qnet_7128,True
cmj_01135,cert_0596,major_qnet_3805,True
cmj_01136,cert_0596,major_qnet_2221,True
cmj_01137,cert_0596,major_qnet_3889,True
cmj_01138,cert_0680,major_qnet_7128,True
cmj_01139,cert_0680,major_qnet_3805,True
cmj_01140,cert_0680,major_qnet_2221,True
cmj_01141,cert_0680,major_qnet_3889,True
cmj_01142,cert_0567,major_qnet_7128,True
cmj_01143,cert_0567,major_qnet_3805,True
cmj_01144,cert_0567,major_qnet_2221,True
cmj_01145,cert_0567,major_qnet_3889,True
cmj_01146,cert_0940,major_qnet_7128,True
cmj_01147,cert_0940,major_qnet_3805,True
cmj_01148,cert_0940,major_qnet_2221,True
cmj_01149,cert_0940,major_qnet_3889,True
cmj_01150,cert_0745,major_qnet_7128,True
cmj_01151,cert_0745,major_qnet_3805,True
cmj_01152,cert_0745,major_qnet_2221,True
cmj_01153,cert_0745,major_qnet_3889,True
cmj_01154,cert_0739,major_qnet_7128,True
cmj_01155,cert_0739,major_qnet_3805,True
cmj_01156,cert_0739,major_qnet_2221,True
cmj_01157,cert_0739,major_qnet_3889,True
cmj_01158,cert_0741,major_qnet_7128,True
cmj_01159,cert_0741,major_qnet_3805,True
cmj_01160,cert_0741,major_qnet_2221,True
cmj_01161,cert_0741,major_qnet_3889,True
cmj_01162,cert_0742,major_qnet_7128,True
cmj_01163,cert_0742,major_qnet_3805,True
cmj_01164,cert_0742,major_qnet_2221,True
cmj_01165,cert_0742,major_qnet_3889,True
cmj_01166,cert_0743,major_qnet_7128,True
cmj_01167,cert_0743,major_qnet_3805,True
cmj_01168,cert_0743,major_qnet_2221,True
cmj_01169,cert_0743,major_qnet_3889,True
cmj_01170,cert_0740,major_qnet_7128,True
cmj_01171,cert_0740,major_qnet_3805,True
cmj_01172,cert_0740,major_qnet_2221,True
cmj_01173,cert_0740,major_qnet_3889,True
cmj_01174,cert_0864,major_qnet_7128,True
cmj_01175,cert_0864,major_qnet_3805,True
cmj_01176,cert_0864,major_qnet_2221,True
cmj_01177,cert_0864,major_qnet_3889,True
cmj_01178,cert_0835,major_qnet_7128,True
cmj_01179,cert_0835,major_qnet_3805,True
cmj_01180,cert_0835,major_qnet_3889,True
cmj_01181,cert_1213,major_qnet_7128,True
cmj_01182,cert_1213,major_qnet_3805,True
cmj_01183,cert_1213,major_qnet_2221,True
cmj_01184,cert_1213,major_qnet_3889,True
cmj_01185,cert_0854,major_qnet_7128,True
cmj_01186,cert_0854,major_qnet_3805,True
cmj_01187,cert_0854,major_qnet_2221,True
cmj_01188,cert_0854,major_qnet_3889,True
cmj_01189,cert_0961,major_qnet_7128,True
cmj_01190,cert_0961,major_qnet_3805,True
cmj_01191,cert_0961,major_qnet_2221,True
cmj_01192,cert_0961,major_qnet_3889,True
cmj_01193,cert_0946,major_qnet_7128,True
cmj_01194,cert_0946,major_qnet_3805,True
cmj_01195,cert_0946,major_qnet_2221,True
cmj_01196,cert_0946,major_qnet_3889,True
cmj_01197,cert_0852,major_qnet_7128,True
cmj_01198,cert_0852,major_qnet_3805,True
cmj_01199,cert_0852,major_qnet_2221,True
cmj_01200,cert_0852,major_qnet_3889,True
cmj_01201,cert_0838,major_qnet_7128,True
cmj_01202,cert_0838,major_qnet_3805,True
cmj_01203,cert_0838,major_qnet_2221,True
cmj_01204,cert_0838,major_qnet_3889,True
cmj_01205,cert_0942,major_qnet_7128,True
cmj_01206,cert_0942,major_qnet_3805,True
cmj_01207,cert_0942,major_qnet_2221,True
cmj_01208,cert_0942,major_qnet_3889,True
cmj_01209,cert_0728,major_qnet_7128,True
cmj_01210,cert_0728,major_qnet_3805,True
cmj_01211,cert_0728,major_qnet_2221,True
cmj_01212,cert_0728,major_qnet_3889,True
cmj_01213,cert_0986,major_qnet_7128,True
cmj_01214,cert_0986,major_qnet_3805,True
cmj_01215,cert_0986,major_qnet_2221,True
cmj_01216,cert_0986,major_qnet_3889,True
cmj_01217,cert_0987,major_qnet_7128,True
cmj_01218,cert_0987,major_qnet_3805,True
cmj_01219,cert_0987,major_qnet_2221,True
cmj_01220,cert_0987,major_qnet_3889,True
cmj_01221,cert_0757,major_qnet_7128,True
cmj_01222,cert_0757,major_qnet_3805,True
cmj_01223,cert_0757,major_qnet_2221,True
cmj_01224,cert_0757,major_qnet_3889,True
cmj_01225,cert_0859,major_qnet_7128,True
cmj_01226,cert_0859,major_qnet_3805,True
cmj_01227,cert_0859,major_qnet_2221,True
cmj_01228,cert_0859,major_qnet_3889,True
cmj_01229,cert_0758,major_qnet_7128,True
cmj_01230,cert_0758,major_qnet_3805,True
cmj_01231,cert_0758,major_qnet_2221,True
cmj_01232,cert_0758,major_qnet_3889,True
cmj_01233,cert_0860,major_qnet_7128,True
cmj_01234,cert_0860,major_qnet_3805,True
cmj_01235,cert_0860,major_qnet_2221,True
cmj_01236,cert_0860,major_qnet_3889,True
cmj_01237,cert_0759,major_qnet_7128,True
cmj_01238,cert_0759,major_qnet_3805,True
cmj_01239,cert_0759,major_qnet_2221,True
cmj_01240,cert_0759,major_qnet_3889,True
cmj_01241,cert_0861,major_qnet_7128,True
cmj_01242,cert_0861,major_qnet_3805,True
cmj_01243,cert_0861,major_qnet_2221,True
cmj_01244,cert_0861,major_qnet_3889,True
cmj_01245,cert_0862,major_qnet_7128,True
cmj_01246,cert_0862,major_qnet_3805,True
cmj_01247,cert_0862,major_qnet_2221,True
cmj_01248,cert_0862,major_qnet_3889,True
cmj_01249,cert_0006,major_qnet_1115,True
cmj_01250,cert_0032,major_qnet_1115,True
cmj_01251,cert_0059,major_qnet_1115,True
cmj_01252,cert_0037,major_qnet_1115,True
cmj_01253,cert_0036,major_qnet_1115,True
cmj_01254,cert_0100,major_qnet_1115,True
cmj_01255,cert_0148,major_qnet_1115,True
cmj_01256,cert_0198,major_qnet_1115,True
cmj_01257,cert_0185,major_qnet_1115,True
cmj_01258,cert_0228,major_qnet_1115,True
cmj_01259,cert_0289,major_qnet_1115,True
cmj_01260,cert_0323,major_qnet_1115,True
cmj_01261,cert_0309,major_qnet_1115,True
cmj_01262,cert_0570,major_qnet_1115,True
cmj_01263,cert_0940,major_qnet_1115,True
cmj_01264,cert_0864,major_qnet_1115,True
cmj_01265,cert_0376,major_qnet_1115,True
cmj_01266,cert_0356,major_qnet_1115,True
cmj_01267,cert_0377,major_qnet_1115,True
cmj_01268,cert_0129,major_qnet_1115,True
cmj_01269,cert_0101,major_qnet_1115,True
cmj_01270,cert_0277,major_qnet_1115,True
cmj_01271,cert_0266,major_qnet_1115,True
cmj_01272,cert_0232,major_qnet_1115,True
cmj_01273,cert_0216,major_qnet_1115,True
cmj_01274,cert_0332,major_qnet_1115,True
cmj_01275,cert_0265,major_qnet_1115,True
cmj_01276,cert_0574,major_qnet_1115,True
cmj_01277,cert_0569,major_qnet_1115,True
cmj_01278,cert_0572,major_qnet_1115,True
cmj_01279,cert_0561,major_qnet_1115,True
cmj_01280,cert_0566,major_qnet_1115,True
cmj_01281,cert_0558,major_qnet_1115,True
cmj_01282,cert_0577,major_qnet_1115,True
cmj_01283,cert_0568,major_qnet_1115,True
cmj_01284,cert_0563,major_qnet_1115,True
cmj_01285,cert_0557,major_qnet_1115,True
cmj_01286,cert_0573,major_qnet_1115,True
cmj_01287,cert_0564,major_qnet_1115,True
cmj_01288,cert_0478,major_qnet_1115,True
cmj_01289,cert_0565,major_qnet_1115,True
cmj_01290,cert_0575,major_qnet_1115,True
cmj_01291,cert_0555,major_qnet_1115,True
cmj_01292,cert_0817,major_qnet_1115,True
cmj_01293,cert_0811,major_qnet_1115,True
cmj_01294,cert_0812,major_qnet_1115,True
cmj_01295,cert_0813,major_qnet_1115,True
cmj_01296,cert_0814,major_qnet_1115,True
cmj_01297,cert_0783,major_qnet_1115,True
cmj_01298,cert_0816,major_qnet_1115,True
cmj_01299,cert_0802,major_qnet_1115,True
cmj_01300,cert_0809,major_qnet_1115,True
cmj_01301,cert_0801,major_qnet_1115,True
cmj_01302,cert_0791,major_qnet_1115,True
cmj_01303,cert_0785,major_qnet_1115,True
cmj_01304,cert_0786,major_qnet_1115,True
cmj_01305,cert_0787,major_qnet_1115,True
cmj_01306,cert_0788,major_qnet_1115,True
cmj_01307,cert_0789,major_qnet_1115,True
cmj_01308,cert_0790,major_qnet_1115,True
cmj_01309,cert_0792,major_qnet_1115,True
cmj_01310,cert_0799,major_qnet_1115,True
cmj_01311,cert_0793,major_qnet_1115,True
cmj_01312,cert_0795,major_qnet_1115,True
cmj_01313,cert_0796,major_qnet_1115,True
cmj_01314,cert_0076,major_qnet_2221,True
cmj_01315,cert_0004,major_qnet_2221,True
cmj_01316,cert_0005,major_qnet_2221,True
cmj_01317,cert_0008,major_qnet_2221,True
cmj_01318,cert_0011,major_qnet_2221,True
cmj_01319,cert_0012,major_qnet_2221,True
cmj_01320,cert_0013,major_qnet_2221,True
cmj_01321,cert_0035,major_qnet_2221,True
cmj_01322,cert_0137,major_qnet_2221,True
cmj_01323,cert_0154,major_qnet_2221,True
cmj_01324,cert_0090,major_qnet_2221,True
cmj_01325,cert_0107,major_qnet_2221,True
cmj_01326,cert_0195,major_qnet_2221,True
cmj_01327,cert_0108,major_qnet_2221,True
cmj_01328,cert_0114,major_qnet_2221,True
cmj_01329,cert_0238,major_qnet_2221,True
cmj_01330,cert_0321,major_qnet_2221,True
cmj_01331,cert_0252,major_qnet_2221,True
cmj_01332,cert_0344,major_qnet_2221,True
cmj_01333,cert_0300,major_qnet_2221,True
cmj_01334,cert_0034,major_qnet_3783,True
cmj_01335,cert_0032,major_qnet_3783,True
cmj_01336,cert_0036,major_qnet_3783,True
cmj_01337,cert_0185,major_qnet_3783,True
cmj_01338,cert_0186,major_qnet_3783,True
cmj_01339,cert_0309,major_qnet_3783,True
cmj_01340,cert_0310,major_qnet_3783,True
cmj_01341,cert_0265,major_qnet_3783,True
cmj_01342,cert_0006,major_qnet_3783,True
cmj_01343,cert_0004,major_qnet_3783,True
cmj_01344,cert_0100,major_qnet_3783,True
cmj_01345,cert_0228,major_qnet_3783,True
cmj_01346,cert_0015,major_qnet_3783,True
cmj_01347,cert_0016,major_qnet_3783,True
cmj_01348,cert_0897,major_qnet_3783,True
cmj_01349,cert_0940,major_qnet_3783,True
cmj_01350,cert_0023,major_qnet_2221,True
cmj_01351,cert_0083,major_qnet_2221,True
cmj_01352,cert_0092,major_qnet_2221,True
cmj_01353,cert_0104,major_qnet_2221,True
cmj_01354,cert_0204,major_qnet_2221,True
cmj_01355,cert_0111,major_qnet_2221,True
cmj_01356,cert_0168,major_qnet_2221,True
cmj_01357,cert_0203,major_qnet_2221,True
cmj_01358,cert_0097,major_qnet_2221,True
cmj_01359,cert_0209,major_qnet_2221,True
cmj_01360,cert_0213,major_qnet_2221,True
cmj_01361,cert_0214,major_qnet_2221,True
cmj_01362,cert_0324,major_qnet_2221,True
cmj_01363,cert_0219,major_qnet_2221,True
cmj_01364,cert_0245,major_qnet_2221,True
cmj_01365,cert_0315,major_qnet_2221,True
cmj_01366,cert_0320,major_qnet_2221,True
cmj_01367,cert_0342,major_qnet_2221,True
cmj_01368,cert_1062,major_qnet_2221,True
cmj_01369,cert_1062,major_qnet_7128,True
cmj_01370,cert_0600,major_qnet_1469,True
cmj_01371,cert_0643,major_qnet_1469,True
cmj_01372,cert_0644,major_qnet_1469,True
cmj_01373,cert_0645,major_qnet_1469,True
cmj_01374,cert_0646,major_qnet_1469,True
cmj_01375,cert_0647,major_qnet_1469,True
cmj_01376,cert_0648,major_qnet_1469,True
cmj_01377,cert_0649,major_qnet_1469,True
cmj_01378,cert_0652,major_qnet_1469,True
cmj_01379,cert_0654,major_qnet_1469,True
cmj_01380,cert_0682,major_qnet_1469,True
cmj_01381,cert_0765,major_qnet_1469,True
cmj_01382,cert_0101,major_qnet_1469,True
cmj_01383,cert_0232,major_qnet_1469,True
cmj_01384,cert_0557,major_qnet_1469,True
cmj_01385,cert_0104,major_qnet_3783,True
cmj_01386,cert_0104,major_qnet_1469,True
cmj_01387,cert_0215,major_qnet_3783,True
cmj_01388,cert_0215,major_qnet_1469,True
cmj_01389,cert_0470,major_qnet_3783,True
cmj_01390,cert_0470,major_qnet_1469,True
cmj_01391,cert_0846,major_qnet_2221,True
cmj_01392,cert_0853,major_qnet_2221,True
cmj_01393,cert_0003,major_qnet_3338,True
cmj_01394,cert_0003,major_qnet_3340,True
cmj_01395,cert_0358,major_qnet_3338,True
cmj_01396,cert_0358,major_qnet_3340,True
cmj_01397,cert_0096,major_qnet_3338,True
cmj_01398,cert_0096,major_qnet_3340,True
cmj_01399,cert_0105,major_qnet_3338,True
cmj_01400,cert_0105,major_qnet_3340,True
cmj_01401,cert_0235,major_qnet_3338,True
cmj_01402,cert_0235,major_qnet_3340,True
cmj_01403,cert_0542,major_qnet_3338,True
cmj_01404,cert_0542,major_qnet_3340,True
cmj_01405,cert_0486,major_qnet_3338,True
cmj_01406,cert_0486,major_qnet_3340,True
cmj_01407,cert_0487,major_qnet_3338,True
cmj_01408,cert_0487,major_qnet_3340,True
cmj_01409,cert_0001,major_qnet_3826,True
cmj_01410,cert_0017,major_qnet_3826,True
cmj_01411,cert_0357,major_qnet_3826,True
cmj_01412,cert_0091,major_qnet_3826,True
cmj_01413,cert_0124,major_qnet_3826,True
cmj_01414,cert_0902,major_qnet_3826,True
cmj_01415,cert_0123,major_qnet_3826,True
cmj_01416,cert_0218,major_qnet_3826,True
cmj_01417,cert_0262,major_qnet_3826,True
cmj_01418,cert_1093,major_qnet_3826,True
cmj_01419,cert_0261,major_qnet_3826,True
cmj_01420,cert_0481,major_qnet_3826,True
cmj_01421,cert_0550,major_qnet_3826,True
cmj_01422,cert_1290,major_qnet_3826,True
cmj_01423,cert_0546,major_qnet_3826,True
cmj_01424,cert_0006,major_qnet_5377,True
cmj_01425,cert_0076,major_qnet_5377,True
cmj_01426,cert_0003,major_qnet_5377,True
cmj_01427,cert_0017,major_qnet_5377,True
cmj_01428,cert_0019,major_qnet_5377,True
cmj_01429,cert_0018,major_qnet_5377,True
cmj_01430,cert_0012,major_qnet_5377,True
cmj_01431,cert_0015,major_qnet_5377,True
cmj_01432,cert_0013,major_qnet_5377,True
cmj_01433,cert_0374,major_qnet_5377,True
cmj_01434,cert_0100,major_qnet_5377,True
cmj_01435,cert_0090,major_qnet_5377,True
cmj_01436,cert_0124,major_qnet_5377,True
cmj_01437,cert_0127,major_qnet_5377,True
cmj_01438,cert_0114,major_qnet_5377,True
cmj_01439,cert_0113,major_qnet_5377,True
cmj_01440,cert_0223,major_qnet_5377,True
cmj_01441,cert_0262,major_qnet_5377,True
cmj_01442,cert_0263,major_qnet_5377,True
cmj_01443,cert_0252,major_qnet_5377,True
cmj_01444,cert_0250,major_qnet_5377,True
cmj_01445,cert_0489,major_qnet_5377,True
cmj_01446,cert_0632,major_qnet_5377,True
cmj_01447,cert_0897,major_qnet_5377,True
cmj_01448,cert_0018,major_qnet_1469,True
cmj_01449,cert_0019,major_qnet_1469,True
cmj_01450,cert_0127,major_qnet_1469,True
cmj_01451,cert_0263,major_qnet_1469,True
cmj_01452,cert_0890,major_qnet_5377,True
cmj_01453,cert_0006,major_qnet_1469,True
cmj_01454,cert_0076,major_qnet_1469,True
cmj_01455,cert_0076,major_qnet_3783,True
cmj_01456,cert_0003,major_qnet_2221,True
cmj_01457,cert_0003,major_qnet_1469,True
cmj_01458,cert_0003,major_qnet_3783,True
cmj_01459,cert_0017,major_qnet_2221,True
cmj_01460,cert_0017,major_qnet_1469,True
cmj_01461,cert_0017,major_qnet_3783,True
cmj_01462,cert_0019,major_qnet_2221,True
cmj_01463,cert_0019,major_qnet_3783,True
cmj_01464,cert_0018,major_qnet_2221,True
cmj_01465,cert_0018,major_qnet_3783,True
cmj_01466,cert_0012,major_qnet_1469,True
cmj_01467,cert_0012,major_qnet_3783,True
cmj_01468,cert_0015,major_qnet_1469,True
cmj_01469,cert_0016,major_qnet_1469,True
cmj_01470,cert_0013,major_qnet_1469,True
cmj_01471,cert_0013,major_qnet_3783,True
cmj_01472,cert_0374,major_qnet_1469,True
cmj_01473,cert_0374,major_qnet_3783,True
cmj_01474,cert_0100,major_qnet_1469,True
cmj_01475,cert_0090,major_qnet_1469,True
cmj_01476,cert_0090,major_qnet_3783,True
cmj_01477,cert_0124,major_qnet_2221,True
cmj_01478,cert_0124,major_qnet_1469,True
cmj_01479,cert_0124,major_qnet_3783,True
cmj_01480,cert_0127,major_qnet_2221,True
cmj_01481,cert_0127,major_qnet_3783,True
cmj_01482,cert_0116,major_qnet_2221,True
cmj_01483,cert_0116,major_qnet_1469,True
cmj_01484,cert_0116,major_qnet_3783,True
cmj_01485,cert_0115,major_qnet_1469,True
cmj_01486,cert_0115,major_qnet_3783,True
cmj_01487,cert_0114,major_qnet_1469,True
cmj_01488,cert_0114,major_qnet_3783,True
cmj_01489,cert_0113,major_qnet_1469,True
cmj_01490,cert_0113,major_qnet_3783,True
cmj_01491,cert_0223,major_qnet_2221,True
cmj_01492,cert_0223,major_qnet_1469,True
cmj_01493,cert_0223,major_qnet_3783,True
cmj_01494,cert_0262,major_qnet_2221,True
cmj_01495,cert_0262,major_qnet_1469,True
cmj_01496,cert_0262,major_qnet_3783,True
cmj_01497,cert_0263,major_qnet_2221,True
cmj_01498,cert_0263,major_qnet_3783,True
cmj_01499,cert_0918,major_qnet_2221,True
cmj_01500,cert_0918,major_qnet_1469,True
cmj_01501,cert_0918,major_qnet_3783,True
cmj_01502,cert_0254,major_qnet_1469,True
cmj_01503,cert_0254,major_qnet_3783,True
cmj_01504,cert_0252,major_qnet_1469,True
cmj_01505,cert_0252,major_qnet_3783,True
cmj_01506,cert_0250,major_qnet_1469,True
cmj_01507,cert_0250,major_qnet_3783,True
cmj_01508,cert_0489,major_qnet_2221,True
cmj_01509,cert_0489,major_qnet_1469,True
cmj_01510,cert_0489,major_qnet_3783,True
cmj_01511,cert_0479,major_qnet_2221,True
cmj_01512,cert_0479,major_qnet_1469,True
cmj_01513,cert_0479,major_qnet_3783,True
cmj_01514,cert_0632,major_qnet_1469,True
cmj_01515,cert_0632,major_qnet_3783,True
cmj_01516,cert_0897,major_qnet_2221,True
cmj_01517,cert_0897,major_qnet_1469,True
cmj_01518,cert_0372,major_qnet_2323,True
cmj_01519,cert_0011,major_qnet_2323,True
cmj_01520,cert_0086,major_qnet_2323,True
cmj_01521,cert_0061,major_qnet_2323,True
cmj_01522,cert_0057,major_qnet_2323,True
cmj_01523,cert_0089,major_qnet_2323,True
cmj_01524,cert_0065,major_qnet_2323,True
cmj_01525,cert_0108,major_qnet_2323,True
cmj_01526,cert_0168,major_qnet_2323,True
cmj_01527,cert_0155,major_qnet_2323,True
cmj_01528,cert_0147,major_qnet_2323,True
cmj_01529,cert_0204,major_qnet_2323,True
cmj_01530,cert_0211,major_qnet_2323,True
cmj_01531,cert_0157,major_qnet_2323,True
cmj_01532,cert_0288,major_qnet_2323,True
cmj_01533,cert_0301,major_qnet_2323,True
cmj_01534,cert_0246,major_qnet_2323,True
cmj_01535,cert_0343,major_qnet_2323,True
cmj_01536,cert_0293,major_qnet_2323,True
cmj_01537,cert_0518,major_qnet_2323,True
cmj_01538,cert_0543,major_qnet_2323,True
cmj_01539,cert_0529,major_qnet_2323,True
cmj_01540,cert_0063,major_qnet_2323,True
cmj_01541,cert_0064,major_qnet_2323,True
cmj_01542,cert_0156,major_qnet_2323,True
cmj_01543,cert_0292,major_qnet_2323,True
cmj_01544,cert_0038,major_qnet_3158,True
cmj_01545,cert_0039,major_qnet_3158,True
cmj_01546,cert_0133,major_qnet_3158,True
cmj_01547,cert_0134,major_qnet_3158,True
cmj_01548,cert_0276,major_qnet_3158,True
cmj_01549,cert_0663,major_qnet_3158,True
cmj_01550,cert_0664,major_qnet_3158,True
cmj_01551,cert_0378,major_qnet_3158,True
cmj_01552,cert_0275,major_qnet_3158,True
cmj_01553,cert_0280,major_qnet_3158,True
cmj_01554,cert_0236,major_qnet_3158,True
cmj_01555,cert_0627,major_qnet_3158,True
cmj_01556,cert_0039,major_qnet_2438,True
cmj_01557,cert_0134,major_qnet_2438,True
cmj_01558,cert_0280,major_qnet_2438,True
cmj_01559,cert_0236,major_qnet_2438,True
cmj_01560,cert_0275,major_qnet_2438,True
cmj_01561,cert_0664,major_qnet_2438,True
cmj_01562,cert_0663,major_qnet_2438,True
cmj_01563,cert_0627,major_qnet_2438,True
cmj_01564,cert_0690,major_qnet_2438,True
cmj_01565,cert_0690,major_qnet_3158,True
cmj_01566,cert_0059,major_qnet_3783,True
cmj_01567,cert_0363,major_qnet_3783,True
cmj_01568,cert_0359,major_qnet_3783,True
cmj_01569,cert_0152,major_qnet_3783,True
cmj_01570,cert_0147,major_qnet_3783,True
cmj_01571,cert_0148,major_qnet_3783,True
cmj_01572,cert_0137,major_qnet_3783,True
cmj_01573,cert_0197,major_qnet_3783,True
cmj_01574,cert_0102,major_qnet_3783,True
cmj_01575,cert_0289,major_qnet_3783,True
cmj_01576,cert_0288,major_qnet_3783,True
cmj_01577,cert_0344,major_qnet_3783,True
cmj_01578,cert_0227,major_qnet_3783,True
cmj_01579,cert_0233,major_qnet_3783,True
cmj_01580,cert_0587,major_qnet_3783,True
cmj_01581,cert_0630,major_qnet_3783,True
cmj_01582,cert_0492,major_qnet_3783,True
cmj_01583,cert_0533,major_qnet_3783,True
cmj_01584,cert_0547,major_qnet_3783,True
cmj_01585,cert_0906,major_qnet_3783,True
cmj_01586,cert_0546,major_qnet_3783,True
cmj_01587,cert_1290,major_qnet_3783,True
cmj_01588,cert_0259,major_qnet_3783,True
cmj_01589,cert_0278,major_qnet_3783,True
cmj_01590,cert_1093,major_qnet_3783,True
cmj_01591,cert_0258,major_qnet_3783,True
cmj_01592,cert_0110,major_qnet_3783,True
cmj_01593,cert_0135,major_qnet_3783,True
cmj_01594,cert_0123,major_qnet_3783,True
cmj_01595,cert_0902,major_qnet_3783,True
cmj_01596,cert_0121,major_qnet_3783,True
cmj_01597,cert_0096,major_qnet_3783,True
cmj_01598,cert_0026,major_qnet_8726,True
cmj_01599,cert_0197,major_qnet_8726,True
cmj_01600,cert_0227,major_qnet_8726,True
cmj_01601,cert_0532,major_qnet_8726,True
cmj_01602,cert_0014,major_qnet_8726,True
cmj_01603,cert_0196,major_qnet_8726,True
cmj_01604,cert_0253,major_qnet_8726,True
cmj_01605,cert_0901,major_qnet_3783,True
cmj_01606,cert_0533,major_qnet_1469,True
cmj_01607,cert_0906,major_qnet_1469,True
cmj_01608,cert_0385,major_qnet_3783,True
cmj_01609,cert_0385,major_qnet_1469,True
cmj_01610,cert_0110,major_qnet_1469,True
cmj_01611,cert_0118,major_qnet_3783,True
cmj_01612,cert_0118,major_qnet_1469,True
cmj_01613,cert_0119,major_qnet_3783,True
cmj_01614,cert_0119,major_qnet_1469,True
cmj_01615,cert_0159,major_qnet_3783,True
cmj_01616,cert_0159,major_qnet_1469,True
cmj_01617,cert_0121,major_qnet_1469,True
cmj_01618,cert_0135,major_qnet_1469,True
cmj_01619,cert_0905,major_qnet_3783,True
cmj_01620,cert_0905,major_qnet_1469,True
cmj_01621,cert_0043,major_qnet_3783,True
cmj_01622,cert_0043,major_qnet_1469,True
cmj_01623,cert_0045,major_qnet_3783,True
cmj_01624,cert_0045,major_qnet_1469,True
cmj_01625,cert_0044,major_qnet_3783,True
cmj_01626,cert_0044,major_qnet_1469,True
cmj_01627,cert_0242,major_qnet_3783,True
cmj_01628,cert_0242,major_qnet_1469,True
cmj_01629,cert_0278,major_qnet_1469,True
cmj_01630,cert_0903,major_qnet_3783,True
cmj_01631,cert_0903,major_qnet_1469,True
cmj_01632,cert_0258,major_qnet_1469,True
cmj_01633,cert_0546,major_qnet_1469,True
cmj_01634,cert_0123,major_qnet_1469,True
cmj_01635,cert_0261,major_qnet_1469,True
cmj_01636,cert_0261,major_qnet_3783,True
cmj_01637,cert_0901,major_qnet_2221,True
cmj_01638,cert_0901,major_qnet_1469,True
cmj_01639,cert_0077,major_qnet_3783,True
cmj_01640,cert_0077,major_qnet_1469,True
cmj_01641,cert_0372,major_qnet_3783,True
cmj_01642,cert_0372,major_qnet_1469,True
cmj_01643,cert_0147,major_qnet_1469,True
cmj_01644,cert_0205,major_qnet_3783,True
cmj_01645,cert_0205,major_qnet_1469,True
cmj_01646,cert_0120,major_qnet_3783,True
cmj_01647,cert_0120,major_qnet_1469,True
cmj_01648,cert_0288,major_qnet_1469,True
cmj_01649,cert_0246,major_qnet_3783,True
cmj_01650,cert_0246,major_qnet_1469,True
cmj_01651,cert_0529,major_qnet_3783,True
cmj_01652,cert_0529,major_qnet_1469,True
cmj_01653,cert_0117,major_qnet_8524,True
cmj_01654,cert_0256,major_qnet_8524,True
cmj_01655,cert_0479,major_qnet_8524,True
cmj_01656,cert_1017,major_qnet_8524,True
cmj_01657,cert_0035,major_qnet_3783,True
cmj_01658,cert_0035,major_qnet_2507,True
cmj_01659,cert_0012,major_qnet_2507,True
cmj_01660,cert_0015,major_qnet_2507,True
cmj_01661,cert_0013,major_qnet_2507,True
cmj_01662,cert_0026,major_qnet_3783,True
cmj_01663,cert_0026,major_qnet_2507,True
cmj_01664,cert_0016,major_qnet_2507,True
cmj_01665,cert_0043,major_qnet_2507,True
cmj_01666,cert_0044,major_qnet_2507,True
cmj_01667,cert_0014,major_qnet_3783,True
cmj_01668,cert_0014,major_qnet_2507,True
cmj_01669,cert_0045,major_qnet_2507,True
cmj_01670,cert_0374,major_qnet_2507,True
cmj_01671,cert_0385,major_qnet_2507,True
cmj_01672,cert_0159,major_qnet_2507,True
cmj_01673,cert_0123,major_qnet_2507,True
cmj_01674,cert_0116,major_qnet_2507,True
cmj_01675,cert_0122,major_qnet_3783,True
cmj_01676,cert_0122,major_qnet_2507,True
cmj_01677,cert_0117,major_qnet_3783,True
cmj_01678,cert_0117,major_qnet_2507,True
cmj_01679,cert_0110,major_qnet_2507,True
cmj_01680,cert_0114,major_qnet_2507,True
cmj_01681,cert_0113,major_qnet_2507,True
cmj_01682,cert_0197,major_qnet_2507,True
cmj_01683,cert_0115,major_qnet_2507,True
cmj_01684,cert_0902,major_qnet_2507,True
cmj_01685,cert_0905,major_qnet_2507,True
cmj_01686,cert_0135,major_qnet_2507,True
cmj_01687,cert_0121,major_qnet_2507,True
cmj_01688,cert_0196,major_qnet_3783,True
cmj_01689,cert_0196,major_qnet_2507,True
cmj_01690,cert_0242,major_qnet_2507,True
cmj_01691,cert_0261,major_qnet_2507,True
cmj_01692,cert_0260,major_qnet_3783,True
cmj_01693,cert_0260,major_qnet_2507,True
cmj_01694,cert_0259,major_qnet_2507,True
cmj_01695,cert_0256,major_qnet_3783,True
cmj_01696,cert_0256,major_qnet_2507,True
cmj_01697,cert_0252,major_qnet_2507,True
cmj_01698,cert_0250,major_qnet_2507,True
cmj_01699,cert_0227,major_qnet_2507,True
cmj_01700,cert_0254,major_qnet_2507,True
cmj_01701,cert_1093,major_qnet_2507,True
cmj_01702,cert_0903,major_qnet_2507,True
cmj_01703,cert_0278,major_qnet_2507,True
cmj_01704,cert_0088,major_qnet_3783,True
cmj_01705,cert_0088,major_qnet_4862,True
cmj_01706,cert_0045,major_qnet_4862,True
cmj_01707,cert_0107,major_qnet_3783,True
cmj_01708,cert_0107,major_qnet_4862,True
cmj_01709,cert_0147,major_qnet_4862,True
cmj_01710,cert_0202,major_qnet_3783,True
cmj_01711,cert_0202,major_qnet_4862,True
cmj_01712,cert_0110,major_qnet_4862,True
cmj_01713,cert_0158,major_qnet_3783,True
cmj_01714,cert_0158,major_qnet_4862,True
cmj_01715,cert_0108,major_qnet_3783,True
cmj_01716,cert_0108,major_qnet_4862,True
cmj_01717,cert_0238,major_qnet_3783,True
cmj_01718,cert_0238,major_qnet_4862,True
cmj_01719,cert_0223,major_qnet_4862,True
cmj_01720,cert_0288,major_qnet_4862,True
cmj_01721,cert_0295,major_qnet_3783,True
cmj_01722,cert_0295,major_qnet_4862,True
cmj_01723,cert_0246,major_qnet_4862,True
cmj_01724,cert_0278,major_qnet_4862,True
cmj_01725,cert_0294,major_qnet_3783,True
cmj_01726,cert_0294,major_qnet_4862,True
cmj_01727,cert_0241,major_qnet_3783,True
cmj_01728,cert_0241,major_qnet_4862,True
cmj_01729,cert_0529,major_qnet_4862,True
cmj_01730,cert_0897,major_qnet_4862,True
cmj_01731,cert_0537,major_qnet_3783,True
cmj_01732,cert_0537,major_qnet_4862,True
cmj_01733,cert_0636,major_qnet_3783,True
cmj_01734,cert_0636,major_qnet_4862,True
cmj_01735,cert_0518,major_qnet_3783,True
cmj_01736,cert_0518,major_qnet_4862,True
cmj_01737,cert_0086,major_qnet_3783,True
cmj_01738,cert_0086,major_qnet_2974,True
cmj_01739,cert_0073,major_qnet_3783,True
cmj_01740,cert_0073,major_qnet_2974,True
cmj_01741,cert_0013,major_qnet_2974,True
cmj_01742,cert_0016,major_qnet_2974,True
cmj_01743,cert_0374,major_qnet_2974,True
cmj_01744,cert_0201,major_qnet_3783,True
cmj_01745,cert_0201,major_qnet_2974,True
cmj_01746,cert_0175,major_qnet_3783,True
cmj_01747,cert_0175,major_qnet_2974,True
cmj_01748,cert_0172,major_qnet_3783,True
cmj_01749,cert_0172,major_qnet_2974,True
cmj_01750,cert_0113,major_qnet_2974,True
cmj_01751,cert_0115,major_qnet_2974,True
cmj_01752,cert_0135,major_qnet_2974,True
cmj_01753,cert_0322,major_qnet_3783,True
cmj_01754,cert_0322,major_qnet_2974,True
cmj_01755,cert_0250,major_qnet_2974,True
cmj_01756,cert_0254,major_qnet_2974,True
cmj_01757,cert_0278,major_qnet_2974,True
cmj_01758,cert_0667,major_qnet_3783,True
cmj_01759,cert_0667,major_qnet_2974,True
cmj_01760,cert_0519,major_qnet_3783,True
cmj_01761,cert_0519,major_qnet_2974,True
cmj_01762,cert_0610,major_qnet_3783,True
cmj_01763,cert_0610,major_qnet_2974,True
cmj_01764,cert_0632,major_qnet_2974,True
cmj_01765,cert_0897,major_qnet_2974,True
cmj_01766,cert_0547,major_qnet_2974,True
cmj_01767,cert_0906,major_qnet_2974,True
cmj_01768,cert_0918,major_qnet_2507,True
cmj_01769,cert_0258,major_qnet_2507,True
cmj_01770,cert_0253,major_qnet_3783,True
cmj_01771,cert_0253,major_qnet_2507,True
cmj_01772,cert_0546,major_qnet_2507,True
cmj_01773,cert_0628,major_qnet_3783,True
cmj_01774,cert_0628,major_qnet_2507,True
cmj_01775,cert_0479,major_qnet_2507,True
cmj_01776,cert_0632,major_qnet_2507,True
cmj_01777,cert_0897,major_qnet_2507,True
cmj_01778,cert_0533,major_qnet_2507,True
cmj_01779,cert_1290,major_qnet_2507,True
cmj_01780,cert_0547,major_qnet_2507,True
cmj_01781,cert_0906,major_qnet_2507,True
cmj_01782,cert_0532,major_qnet_3783,True
cmj_01783,cert_0532,major_qnet_2507,True
cmj_01784,cert_0002,major_qnet_3783,True
cmj_01785,cert_0002,major_qnet_2221,True
cmj_01786,cert_0002,major_qnet_1469,True
cmj_01787,cert_0009,major_qnet_3783,True
cmj_01788,cert_0009,major_qnet_2221,True
cmj_01789,cert_0009,major_qnet_1469,True
cmj_01790,cert_0001,major_qnet_3783,True
cmj_01791,cert_0001,major_qnet_2221,True
cmj_01792,cert_0001,major_qnet_1469,True
cmj_01793,cert_0359,major_qnet_1469,True
cmj_01794,cert_0352,major_qnet_3783,True
cmj_01795,cert_0352,major_qnet_2221,True
cmj_01796,cert_0352,major_qnet_1469,True
cmj_01797,cert_0366,major_qnet_3783,True
cmj_01798,cert_0366,major_qnet_2221,True
cmj_01799,cert_0366,major_qnet_1469,True
cmj_01800,cert_0357,major_qnet_3783,True
cmj_01801,cert_0357,major_qnet_2221,True
cmj_01802,cert_0357,major_qnet_1469,True
cmj_01803,cert_0358,major_qnet_3783,True
cmj_01804,cert_0358,major_qnet_2221,True
cmj_01805,cert_0358,major_qnet_1469,True
cmj_01806,cert_0356,major_qnet_3783,True
cmj_01807,cert_0356,major_qnet_2221,True
cmj_01808,cert_0356,major_qnet_1469,True
cmj_01809,cert_0107,major_qnet_1469,True
cmj_01810,cert_0102,major_qnet_1469,True
cmj_01811,cert_0158,major_qnet_2221,True
cmj_01812,cert_0158,major_qnet_1469,True
cmj_01813,cert_0091,major_qnet_3783,True
cmj_01814,cert_0091,major_qnet_2221,True
cmj_01815,cert_0091,major_qnet_1469,True
cmj_01816,cert_0096,major_qnet_2221,True
cmj_01817,cert_0096,major_qnet_1469,True
cmj_01818,cert_0105,major_qnet_3783,True
cmj_01819,cert_0105,major_qnet_2221,True
cmj_01820,cert_0105,major_qnet_1469,True
cmj_01821,cert_0238,major_qnet_1469,True
cmj_01822,cert_0220,major_qnet_3783,True
cmj_01823,cert_0220,major_qnet_2221,True
cmj_01824,cert_0220,major_qnet_1469,True
cmj_01825,cert_0221,major_qnet_3783,True
cmj_01826,cert_0221,major_qnet_2221,True
cmj_01827,cert_0221,major_qnet_1469,True
cmj_01828,cert_0241,major_qnet_2221,True
cmj_01829,cert_0241,major_qnet_1469,True
cmj_01830,cert_0294,major_qnet_2221,True
cmj_01831,cert_0294,major_qnet_1469,True
cmj_01832,cert_0218,major_qnet_3783,True
cmj_01833,cert_0218,major_qnet_2221,True
cmj_01834,cert_0218,major_qnet_1469,True
cmj_01835,cert_0235,major_qnet_3783,True
cmj_01836,cert_0235,major_qnet_2221,True
cmj_01837,cert_0235,major_qnet_1469,True
cmj_01838,cert_0475,major_qnet_3783,True
cmj_01839,cert_0475,major_qnet_2221,True
cmj_01840,cert_0475,major_qnet_1469,True
cmj_01841,cert_0216,major_qnet_3783,True
cmj_01842,cert_0216,major_qnet_2221,True
cmj_01843,cert_0216,major_qnet_1469,True
cmj_01844,cert_0898,major_qnet_3783,True
cmj_01845,cert_0898,major_qnet_2221,True
cmj_01846,cert_0898,major_qnet_1469,True
cmj_01847,cert_0591,major_qnet_3783,True
cmj_01848,cert_0591,major_qnet_2221,True
cmj_01849,cert_0591,major_qnet_1469,True
cmj_01850,cert_0512,major_qnet_3783,True
cmj_01851,cert_0512,major_qnet_2221,True
cmj_01852,cert_0512,major_qnet_1469,True
cmj_01853,cert_0537,major_qnet_2221,True
cmj_01854,cert_0537,major_qnet_1469,True
cmj_01855,cert_0481,major_qnet_3783,True
cmj_01856,cert_0481,major_qnet_2221,True
cmj_01857,cert_0481,major_qnet_1469,True
cmj_01858,cert_0542,major_qnet_3783,True
cmj_01859,cert_0542,major_qnet_2221,True
cmj_01860,cert_0542,major_qnet_1469,True
cmj_01861,cert_0486,major_qnet_3783,True
cmj_01862,cert_0486,major_qnet_2221,True
cmj_01863,cert_0486,major_qnet_1469,True
cmj_01864,cert_0487,major_qnet_3783,True
cmj_01865,cert_0487,major_qnet_2221,True
cmj_01866,cert_0487,major_qnet_1469,True
cmj_01867,cert_0088,major_qnet_1469,True
cmj_01868,cert_0202,major_qnet_1469,True
cmj_01869,cert_0212,major_qnet_3783,True
cmj_01870,cert_0212,major_qnet_1469,True
cmj_01871,cert_0259,major_qnet_1469,True
cmj_01872,cert_0636,major_qnet_1469,True
cmj_01873,cert_0547,major_qnet_1469,True
cmj_01874,cert_1114,major_qnet_2221,True
cmj_01875,cert_1115,major_qnet_2221,True
cmj_01876,cert_1108,major_qnet_2221,True
cmj_01877,cert_0259,major_qnet_2221,True
cmj_01878,cert_1041,major_qnet_2221,True
cmj_01879,cert_1063,major_qnet_2221,True
cmj_01880,cert_1042,major_qnet_2221,True
cmj_01881,cert_0710,major_qnet_2221,True
cmj_01882,cert_1127,major_qnet_2221,True
cmj_01883,cert_1153,major_qnet_2221,True
cmj_01884,cert_1152,major_qnet_2221,True
cmj_01885,cert_1286,major_qnet_2221,True
cmj_01886,cert_1141,major_qnet_2221,True
cmj_01887,cert_1058,major_qnet_2221,True
cmj_01888,cert_1059,major_qnet_2221,True
cmj_01889,cert_1060,major_qnet_2221,True
cmj_01890,cert_1086,major_qnet_2221,True
cmj_01891,cert_0043,major_qnet_6002,True
cmj_01892,cert_0045,major_qnet_6002,True
cmj_01893,cert_0016,major_qnet_6002,True
cmj_01894,cert_0016,major_qnet_4862,True
cmj_01895,cert_0135,major_qnet_6002,True
cmj_01896,cert_0905,major_qnet_6002,True
cmj_01897,cert_0905,major_qnet_4862,True
cmj_01898,cert_0923,major_qnet_6002,True
cmj_01899,cert_0923,major_qnet_1469,True
cmj_01900,cert_0923,major_qnet_4862,True
cmj_01901,cert_0923,major_qnet_3783,True
cmj_01902,cert_0278,major_qnet_6002,True
cmj_01903,cert_0903,major_qnet_6002,True
cmj_01904,cert_0903,major_qnet_4862,True
cmj_01905,cert_0897,major_qnet_6002,True
cmj_01906,cert_0906,major_qnet_6002,True
cmj_01907,cert_1114,major_qnet_6002,True
cmj_01908,cert_1114,major_qnet_1469,True
cmj_01909,cert_1114,major_qnet_4862,True
cmj_01910,cert_1114,major_qnet_3783,True
cmj_01911,cert_1115,major_qnet_6002,True
cmj_01912,cert_1115,major_qnet_1469,True
cmj_01913,cert_1115,major_qnet_4862,True
cmj_01914,cert_1115,major_qnet_3783,True
cmj_01915,cert_0900,major_qnet_2221,True
cmj_01916,cert_0907,major_qnet_2221,True
cmj_01917,cert_0230,major_qnet_2221,True
cmj_01918,cert_0217,major_qnet_2221,True
cmj_01919,cert_0495,major_qnet_2221,True
cmj_01920,cert_0543,major_qnet_2221,True
cmj_01921,cert_0810,major_qnet_2221,True
cmj_01922,cert_0732,major_qnet_2221,True
cmj_01923,cert_1207,major_qnet_2221,True
cmj_01924,cert_0064,major_qnet_1469,True
cmj_01925,cert_0156,major_qnet_1469,True
cmj_01926,cert_1143,major_qnet_1469,True
cmj_01927,cert_1143,major_qnet_2221,True
cmj_01928,cert_1127,major_qnet_1469,True
cmj_01929,cert_1062,major_qnet_1469,True
cmj_01930,cert_0774,major_qnet_3783,True
cmj_01931,cert_0961,major_qnet_3783,True
cmj_01932,cert_0946,major_qnet_3783,True
cmj_01933,cert_0761,major_qnet_3783,True
cmj_01934,cert_0762,major_qnet_3783,True
cmj_01935,cert_0713,major_qnet_3783,True
cmj_01936,cert_0815,major_qnet_3783,True
cmj_01937,cert_0028,major_qnet_2323,True
cmj_01938,cert_0082,major_qnet_2323,True
cmj_01939,cert_0191,major_qnet_2323,True
cmj_01940,cert_0317,major_qnet_2323,True
cmj_01941,cert_0680,major_qnet_2323,True
cmj_01942,cert_0757,major_qnet_2323,True
cmj_01943,cert_0211,major_qnet_7088,True
cmj_01944,cert_0211,major_qnet_4610,True
cmj_01945,cert_0343,major_qnet_7088,True
cmj_01946,cert_0343,major_qnet_4610,True
cmj_01947,cert_0680,major_qnet_7088,True
cmj_01948,cert_0680,major_qnet_4610,True
cmj_01949,cert_0089,major_qnet_7088,True
cmj_01950,cert_0089,major_qnet_4610,True
cmj_01951,cert_0320,major_qnet_3889,True
cmj_01952,cert_0680,major_qnet_5630,True
cmj_01953,cert_0518,major_qnet_5630,True
cmj_01954,cert_0495,major_qnet_5630,True
cmj_01955,cert_0574,major_qnet_5630,True
cmj_01956,cert_0277,major_qnet_5630,True
cmj_01957,cert_0316,major_qnet_5630,True
cmj_01958,cert_0321,major_qnet_5630,True
cmj_01959,cert_0310,major_qnet_5630,True
cmj_01960,cert_0318,major_qnet_5630,True
cmj_01961,cert_0317,major_qnet_5630,True
cmj_01962,cert_0129,major_qnet_5630,True
cmj_01963,cert_0190,major_qnet_5630,True
cmj_01964,cert_0195,major_qnet_5630,True
cmj_01965,cert_0186,major_qnet_5630,True
cmj_01966,cert_0192,major_qnet_5630,True
cmj_01967,cert_0168,major_qnet_5630,True
cmj_01968,cert_0108,major_qnet_5630,True
cmj_01969,cert_0191,major_qnet_5630,True
cmj_01970,cert_0210,major_qnet_5630,True
cmj_01971,cert_0081,major_qnet_5630,True
cmj_01972,cert_0005,major_qnet_5630,True
cmj_01973,cert_0034,major_qnet_5630,True
cmj_01974,cert_0035,major_qnet_5630,True
cmj_01975,cert_0084,major_qnet_5630,True
cmj_01976,cert_0082,major_qnet_5630,True
cmj_01977,cert_0085,major_qnet_5630,True
cmj_01978,cert_0757,major_qnet_5630,True
cmj_01979,cert_0758,major_qnet_5630,True
cmj_01980,cert_0986,major_qnet_5630,True
cmj_01981,cert_0083,major_qnet_2323,True
cmj_01982,cert_0214,major_qnet_2323,True
cmj_01983,cert_0213,major_qnet_2323,True
cmj_01984,cert_0342,major_qnet_2323,True
cmj_01985,cert_0846,major_qnet_4597,True
cmj_01986,cert_0846,major_qnet_4633,True
cmj_01987,cert_0853,major_qnet_4597,True
cmj_01988,cert_0853,major_qnet_4633,True
cmj_01989,cert_0496,major_qnet_4597,True
cmj_01990,cert_0496,major_qnet_4633,True
cmj_01991,cert_0373,major_qnet_4597,True
cmj_01992,cert_0373,major_qnet_4633,True
cmj_01993,cert_0090,major_qnet_4597,True
cmj_01994,cert_0090,major_qnet_4633,True
cmj_01995,cert_0115,major_qnet_4597,True
cmj_01996,cert_0115,major_qnet_4633,True
cmj_01997,cert_0108,major_qnet_4597,True
cmj_01998,cert_0108,major_qnet_4633,True
cmj_01999,cert_0062,major_qnet_4597,True
cmj_02000,cert_0062,major_qnet_4633,True
cmj_02001,cert_0011,major_qnet_4597,True
cmj_02002,cert_0011,major_qnet_4633,True
cmj_02003,cert_0300,major_qnet_4597,True
cmj_02004,cert_0300,major_qnet_4633,True
cmj_02005,cert_0288,major_qnet_4597,True
cmj_02006,cert_0288,major_qnet_4633,True
cmj_02007,cert_0254,major_qnet_4597,True
cmj_02008,cert_0254,major_qnet_4633,True
cmj_02009,cert_0745,major_qnet_5630,True
cmj_02010,cert_1193,major_qnet_5630,True
cmj_02011,cert_0077,major_qnet_5630,True
cmj_02012,cert_0205,major_qnet_5630,True
cmj_02013,cert_0072,major_qnet_2974,True
cmj_02014,cert_0068,major_qnet_2974,True
cmj_02015,cert_0169,major_qnet_2974,True
cmj_02016,cert_0170,major_qnet_2974,True
cmj_02017,cert_0166,major_qnet_2974,True
cmj_02018,cert_0299,major_qnet_2974,True
cmj_02019,cert_0304,major_qnet_2974,True
cmj_02020,cert_0611,major_qnet_2974,True
cmj_02021,cert_0609,major_qnet_2974,True
cmj_02022,cert_0613,major_qnet_2974,True
cmj_02023,cert_0598,major_qnet_2323,True
cmj_02024,cert_0173,major_qnet_2323,True
cmj_02025,cert_0074,major_qnet_2323,True
cmj_02026,cert_0305,major_qnet_2323,True
cmj_02027,cert_1211,major_qnet_2323,True
cmj_02028,cert_1119,major_qnet_2323,True
cmj_02029,cert_1120,major_qnet_2323,True
cmj_02030,cert_1121,major_qnet_2323,True
cmj_02031,cert_0847,major_qnet_2974,True
cmj_02032,cert_0054,major_qnet_2323,True
cmj_02033,cert_0070,major_qnet_2323,True
cmj_02034,cert_0184,major_qnet_2323,True
cmj_02035,cert_0162,major_qnet_2323,True
cmj_02036,cert_0307,major_qnet_2323,True
cmj_02037,cert_0308,major_qnet_2323,True
cmj_02038,cert_0626,major_qnet_2323,True
cmj_02039,cert_0606,major_qnet_2323,True
cmj_02040,cert_0721,major_qnet_2323,True
cmj_02041,cert_1142,major_qnet_7122,True
cmj_02042,cert_0029,major_qnet_7122,True
cmj_02043,cert_0053,major_qnet_7122,True
cmj_02044,cert_0054,major_qnet_7122,True
cmj_02045,cert_0089,major_qnet_7122,True
cmj_02046,cert_0128,major_qnet_7122,True
cmj_02047,cert_0144,major_qnet_7122,True
cmj_02048,cert_0145,major_qnet_7122,True
cmj_02049,cert_0140,major_qnet_7122,True
cmj_02050,cert_0138,major_qnet_7122,True
cmj_02051,cert_0184,major_qnet_7122,True
cmj_02052,cert_0187,major_qnet_7122,True
cmj_02053,cert_0211,major_qnet_7122,True
cmj_02054,cert_0264,major_qnet_7122,True
cmj_02055,cert_0286,major_qnet_7122,True
cmj_02056,cert_0308,major_qnet_7122,True
cmj_02057,cert_0282,major_qnet_7122,True
cmj_02058,cert_0307,major_qnet_7122,True
cmj_02059,cert_0333,major_qnet_7122,True
cmj_02060,cert_0666,major_qnet_7122,True
cmj_02061,cert_0533,major_qnet_7122,True
cmj_02062,cert_0626,major_qnet_7122,True
cmj_02063,cert_0699,major_qnet_7122,True
cmj_02064,cert_0701,major_qnet_7122,True
cmj_02065,cert_0912,major_qnet_7122,True
cmj_02066,cert_0896,major_qnet_7122,True
